2026-09-03 22:05:09.911 [] INFO  p.e.u.b.BomerpBackendApplication - Starting BomerpBackendApplication using Java 24.0.2 with PID 540 (E:\repoprofe\bomerp-backend\target\classes started by PC in E:\repoprofe\bomerp-backend)
2026-09-03 22:05:09.916 [] DEBUG p.e.u.b.BomerpBackendApplication - Running with Spring Boot v4.0.7, Spring v7.0.8
2026-09-03 22:05:09.916 [] INFO  p.e.u.b.BomerpBackendApplication - The following 1 profile is active: "h2"
2026-09-03 22:05:09.959 [] INFO  o.s.b.d.restart.ChangeableUrls - The Class-Path manifest attribute in C:\Users\PC\.m2\repository\com\oracle\database\jdbc\ojdbc11\23.9.0.25.07\ojdbc11-23.9.0.25.07.jar referenced one or more files that do not exist: file:/C:/Users/PC/.m2/repository/com/oracle/database/jdbc/ojdbc11/23.9.0.25.07/oraclepki.jar
2026-09-03 22:05:09.961 [] INFO  o.s.b.d.e.DevToolsPropertyDefaultsPostProcessor - Devtools property defaults active! Set 'spring.devtools.add-properties' to 'false' to disable
2026-09-03 22:05:09.961 [] INFO  o.s.b.d.e.DevToolsPropertyDefaultsPostProcessor - For additional web related logging consider setting the 'logging.level.web' property to 'DEBUG'
2026-09-03 22:05:10.780 [] INFO  o.s.d.r.c.RepositoryConfigurationDelegate - Bootstrapping Spring Data JPA repositories in DEFAULT mode.
2026-09-03 22:05:10.834 [] INFO  o.s.d.r.c.RepositoryConfigurationDelegate - Finished Spring Data repository scanning in 45 ms. Found 7 JPA repository interfaces.
2026-09-03 22:05:11.275 [] INFO  o.s.boot.tomcat.TomcatWebServer - Tomcat initialized with port 8080 (http)
2026-09-03 22:05:11.287 [] INFO  o.a.catalina.core.StandardService - Starting service [Tomcat]
2026-09-03 22:05:11.287 [] INFO  o.a.catalina.core.StandardEngine - Starting Servlet engine: [Apache Tomcat/11.0.22]
2026-09-03 22:05:11.324 [] INFO  o.s.b.w.c.s.WebApplicationContextInitializer - Root WebApplicationContext: initialization completed in 1362 ms
2026-09-03 22:05:11.407 [] DEBUG p.e.u.b.filter.CorrelationIdFilter - Filter 'correlationIdFilter' configured for use
2026-09-03 22:05:11.466 [] INFO  c.tngtech.archunit.core.PluginLoader - Detected Java version 24.0.2
2026-09-03 22:05:12.409 [] INFO  org.hibernate.orm.jpa - HHH008540: Processing PersistenceUnitInfo [name: default]
2026-09-03 22:05:12.456 [] INFO  org.hibernate.orm.core - HHH000001: Hibernate ORM core version 7.2.19.Final
2026-09-03 22:05:12.782 [] INFO  o.s.o.j.p.SpringPersistenceUnitInfo - No LoadTimeWeaver setup: ignoring JPA class transformer
2026-09-03 22:05:12.807 [] INFO  com.zaxxer.hikari.HikariDataSource - HikariPool-1 - Starting...
2026-09-03 22:05:13.033 [] INFO  com.zaxxer.hikari.pool.HikariPool - HikariPool-1 - Added connection conn0: url=jdbc:h2:mem:bomerp_db user=SA
2026-09-03 22:05:13.034 [] INFO  com.zaxxer.hikari.HikariDataSource - HikariPool-1 - Start completed.
2026-09-03 22:05:13.084 [] INFO  o.hibernate.orm.connections.pooling - HHH10001005: Database info:
	Database JDBC URL [jdbc:h2:mem:bomerp_db]
	Database driver: H2 JDBC Driver
	Database dialect: H2Dialect
	Database version: 2.4.240
	Default catalog/schema: BOMERP_DB/PUBLIC
	Autocommit mode: undefined/unknown
	Isolation level: READ_COMMITTED [default READ_COMMITTED]
	JDBC fetch size: 100
	Pool: DataSourceConnectionProvider
	Minimum pool size: undefined/unknown
	Maximum pool size: undefined/unknown
2026-09-03 22:05:13.826 [] INFO  org.hibernate.orm.core - HHH000489: No JTA platform available (set 'hibernate.transaction.jta.platform' to enable JTA platform integration)
2026-09-03 22:05:13.878 [] INFO  o.s.o.j.LocalContainerEntityManagerFactoryBean - Initialized JPA EntityManagerFactory for persistence unit 'default'
2026-09-03 22:05:13.945 [] INFO  o.s.d.j.r.q.QueryEnhancerFactories - Hibernate is in classpath; If applicable, HQL parser will be used.
2026-09-03 22:05:14.012 [] WARN  o.s.b.w.s.s.c.AnnotationConfigServletWebServerApplicationContext - Exception encountered during context initialization - cancelling refresh attempt: org.springframework.beans.factory.UnsatisfiedDependencyException: Error creating bean with name 'categoriaController' defined in file [E:\repoprofe\bomerp-backend\target\classes\pe\edu\upeu\bomerp\catalogo\categoria\controller\CategoriaController.class]: Unsatisfied dependency expressed through constructor parameter 0: Error creating bean with name 'categoriaServiceImpl' defined in file [E:\repoprofe\bomerp-backend\target\classes\pe\edu\upeu\bomerp\catalogo\categoria\service\CategoriaServiceImpl.class]: Unsatisfied dependency expressed through constructor parameter 1: No qualifying bean of type 'pe.edu.upeu.bomerp.catalogo.categoria.mapper.CategoriaMapper' available: expected at least 1 bean which qualifies as autowire candidate. Dependency annotations: {}
2026-09-03 22:05:14.013 [] INFO  o.s.o.j.LocalContainerEntityManagerFactoryBean - Closing JPA EntityManagerFactory for persistence unit 'default'
2026-09-03 22:05:14.022 [] WARN  o.s.b.f.s.DisposableBeanAdapter - Invocation of destroy method failed on bean with name 'inMemoryDatabaseShutdownExecutor': org.h2.jdbc.JdbcSQLNonTransientConnectionException: La base de datos ya esta cerrada (para des-habilitar el cerrado automatico durante el shutdown de la VM, agregue ";DB_CLOSE_ON_EXIT=FALSE" a la URL de conexión)
Database is already closed (to disable automatic closing at VM shutdown, add ";DB_CLOSE_ON_EXIT=FALSE" to the db URL) [90121-240]
2026-09-03 22:05:14.023 [] INFO  com.zaxxer.hikari.HikariDataSource - HikariPool-1 - Shutdown initiated...
2026-09-03 22:05:14.025 [] INFO  com.zaxxer.hikari.HikariDataSource - HikariPool-1 - Shutdown completed.
2026-09-03 22:05:14.026 [] INFO  o.a.catalina.core.StandardService - Stopping service [Tomcat]
2026-09-03 22:05:14.034 [] INFO  o.s.b.a.l.ConditionEvaluationReportLogger - 

Error starting ApplicationContext. To display the condition evaluation report re-run your application with 'debug' enabled.
2026-09-03 22:05:14.048 [] ERROR o.s.b.d.LoggingFailureAnalysisReporter - 

***************************
APPLICATION FAILED TO START
***************************

Description:

Parameter 1 of constructor in pe.edu.upeu.bomerp.catalogo.categoria.service.CategoriaServiceImpl required a bean of type 'pe.edu.upeu.bomerp.catalogo.categoria.mapper.CategoriaMapper' that could not be found.


Action:

Consider defining a bean of type 'pe.edu.upeu.bomerp.catalogo.categoria.mapper.CategoriaMapper' in your configuration.

2026-09-03 22:07:32.805 [] INFO  p.e.u.b.BomerpBackendApplication - Starting BomerpBackendApplication using Java 24.0.2 with PID 32476 (E:\repoprofe\bomerp-backend\target\classes started by PC in E:\repoprofe\bomerp-backend)
2026-09-03 22:07:32.807 [] DEBUG p.e.u.b.BomerpBackendApplication - Running with Spring Boot v4.0.7, Spring v7.0.8
2026-09-03 22:07:32.807 [] INFO  p.e.u.b.BomerpBackendApplication - The following 1 profile is active: "h2"
2026-09-03 22:07:32.843 [] INFO  o.s.b.d.restart.ChangeableUrls - The Class-Path manifest attribute in C:\Users\PC\.m2\repository\com\oracle\database\jdbc\ojdbc11\23.9.0.25.07\ojdbc11-23.9.0.25.07.jar referenced one or more files that do not exist: file:/C:/Users/PC/.m2/repository/com/oracle/database/jdbc/ojdbc11/23.9.0.25.07/oraclepki.jar
2026-09-03 22:07:32.844 [] INFO  o.s.b.d.e.DevToolsPropertyDefaultsPostProcessor - Devtools property defaults active! Set 'spring.devtools.add-properties' to 'false' to disable
2026-09-03 22:07:32.844 [] INFO  o.s.b.d.e.DevToolsPropertyDefaultsPostProcessor - For additional web related logging consider setting the 'logging.level.web' property to 'DEBUG'
2026-09-03 22:07:33.609 [] INFO  o.s.d.r.c.RepositoryConfigurationDelegate - Bootstrapping Spring Data JPA repositories in DEFAULT mode.
2026-09-03 22:07:33.663 [] INFO  o.s.d.r.c.RepositoryConfigurationDelegate - Finished Spring Data repository scanning in 46 ms. Found 7 JPA repository interfaces.
2026-09-03 22:07:34.148 [] INFO  o.s.boot.tomcat.TomcatWebServer - Tomcat initialized with port 8080 (http)
2026-09-03 22:07:34.161 [] INFO  o.a.catalina.core.StandardService - Starting service [Tomcat]
2026-09-03 22:07:34.162 [] INFO  o.a.catalina.core.StandardEngine - Starting Servlet engine: [Apache Tomcat/11.0.22]
2026-09-03 22:07:34.199 [] INFO  o.s.b.w.c.s.WebApplicationContextInitializer - Root WebApplicationContext: initialization completed in 1354 ms
2026-09-03 22:07:34.295 [] DEBUG p.e.u.b.filter.CorrelationIdFilter - Filter 'correlationIdFilter' configured for use
2026-09-03 22:07:34.356 [] INFO  c.tngtech.archunit.core.PluginLoader - Detected Java version 24.0.2
2026-09-03 22:07:35.316 [] INFO  org.hibernate.orm.jpa - HHH008540: Processing PersistenceUnitInfo [name: default]
2026-09-03 22:07:35.363 [] INFO  org.hibernate.orm.core - HHH000001: Hibernate ORM core version 7.2.19.Final
2026-09-03 22:07:35.703 [] INFO  o.s.o.j.p.SpringPersistenceUnitInfo - No LoadTimeWeaver setup: ignoring JPA class transformer
2026-09-03 22:07:35.730 [] INFO  com.zaxxer.hikari.HikariDataSource - HikariPool-1 - Starting...
2026-09-03 22:07:35.972 [] INFO  com.zaxxer.hikari.pool.HikariPool - HikariPool-1 - Added connection conn0: url=jdbc:h2:mem:bomerp_db user=SA
2026-09-03 22:07:35.973 [] INFO  com.zaxxer.hikari.HikariDataSource - HikariPool-1 - Start completed.
2026-09-03 22:07:36.024 [] INFO  o.hibernate.orm.connections.pooling - HHH10001005: Database info:
	Database JDBC URL [jdbc:h2:mem:bomerp_db]
	Database driver: H2 JDBC Driver
	Database dialect: H2Dialect
	Database version: 2.4.240
	Default catalog/schema: BOMERP_DB/PUBLIC
	Autocommit mode: undefined/unknown
	Isolation level: READ_COMMITTED [default READ_COMMITTED]
	JDBC fetch size: 100
	Pool: DataSourceConnectionProvider
	Minimum pool size: undefined/unknown
	Maximum pool size: undefined/unknown
2026-09-03 22:07:36.770 [] INFO  org.hibernate.orm.core - HHH000489: No JTA platform available (set 'hibernate.transaction.jta.platform' to enable JTA platform integration)
2026-09-03 22:07:36.823 [] INFO  o.s.o.j.LocalContainerEntityManagerFactoryBean - Initialized JPA EntityManagerFactory for persistence unit 'default'
2026-09-03 22:07:36.893 [] INFO  o.s.d.j.r.q.QueryEnhancerFactories - Hibernate is in classpath; If applicable, HQL parser will be used.
2026-09-03 22:07:36.964 [] WARN  o.s.b.w.s.s.c.AnnotationConfigServletWebServerApplicationContext - Exception encountered during context initialization - cancelling refresh attempt: org.springframework.beans.factory.UnsatisfiedDependencyException: Error creating bean with name 'categoriaController' defined in file [E:\repoprofe\bomerp-backend\target\classes\pe\edu\upeu\bomerp\catalogo\categoria\controller\CategoriaController.class]: Unsatisfied dependency expressed through constructor parameter 0: Error creating bean with name 'categoriaServiceImpl' defined in file [E:\repoprofe\bomerp-backend\target\classes\pe\edu\upeu\bomerp\catalogo\categoria\service\CategoriaServiceImpl.class]: Unsatisfied dependency expressed through constructor parameter 1: No qualifying bean of type 'pe.edu.upeu.bomerp.catalogo.categoria.mapper.CategoriaMapper' available: expected at least 1 bean which qualifies as autowire candidate. Dependency annotations: {}
2026-09-03 22:07:36.964 [] INFO  o.s.o.j.LocalContainerEntityManagerFactoryBean - Closing JPA EntityManagerFactory for persistence unit 'default'
2026-09-03 22:07:36.979 [] WARN  o.s.b.f.s.DisposableBeanAdapter - Invocation of destroy method failed on bean with name 'inMemoryDatabaseShutdownExecutor': org.h2.jdbc.JdbcSQLNonTransientConnectionException: La base de datos ya esta cerrada (para des-habilitar el cerrado automatico durante el shutdown de la VM, agregue ";DB_CLOSE_ON_EXIT=FALSE" a la URL de conexión)
Database is already closed (to disable automatic closing at VM shutdown, add ";DB_CLOSE_ON_EXIT=FALSE" to the db URL) [90121-240]
2026-09-03 22:07:36.980 [] INFO  com.zaxxer.hikari.HikariDataSource - HikariPool-1 - Shutdown initiated...
2026-09-03 22:07:36.982 [] INFO  com.zaxxer.hikari.HikariDataSource - HikariPool-1 - Shutdown completed.
2026-09-03 22:07:36.984 [] INFO  o.a.catalina.core.StandardService - Stopping service [Tomcat]
2026-09-03 22:07:36.998 [] INFO  o.s.b.a.l.ConditionEvaluationReportLogger - 

Error starting ApplicationContext. To display the condition evaluation report re-run your application with 'debug' enabled.
2026-09-03 22:07:37.017 [] ERROR o.s.b.d.LoggingFailureAnalysisReporter - 

***************************
APPLICATION FAILED TO START
***************************

Description:

Parameter 1 of constructor in pe.edu.upeu.bomerp.catalogo.categoria.service.CategoriaServiceImpl required a bean of type 'pe.edu.upeu.bomerp.catalogo.categoria.mapper.CategoriaMapper' that could not be found.


Action:

Consider defining a bean of type 'pe.edu.upeu.bomerp.catalogo.categoria.mapper.CategoriaMapper' in your configuration.

2026-09-03 22:08:01.619 [] INFO  p.e.u.b.BomerpBackendApplication - Starting BomerpBackendApplication using Java 24.0.2 with PID 32584 (E:\repoprofe\bomerp-backend\target\classes started by PC in E:\repoprofe\bomerp-backend)
2026-09-03 22:08:01.621 [] DEBUG p.e.u.b.BomerpBackendApplication - Running with Spring Boot v4.0.7, Spring v7.0.8
2026-09-03 22:08:01.621 [] INFO  p.e.u.b.BomerpBackendApplication - The following 1 profile is active: "h2"
2026-09-03 22:08:01.655 [] INFO  o.s.b.d.restart.ChangeableUrls - The Class-Path manifest attribute in C:\Users\PC\.m2\repository\com\oracle\database\jdbc\ojdbc11\23.9.0.25.07\ojdbc11-23.9.0.25.07.jar referenced one or more files that do not exist: file:/C:/Users/PC/.m2/repository/com/oracle/database/jdbc/ojdbc11/23.9.0.25.07/oraclepki.jar
2026-09-03 22:08:01.656 [] INFO  o.s.b.d.e.DevToolsPropertyDefaultsPostProcessor - Devtools property defaults active! Set 'spring.devtools.add-properties' to 'false' to disable
2026-09-03 22:08:01.656 [] INFO  o.s.b.d.e.DevToolsPropertyDefaultsPostProcessor - For additional web related logging consider setting the 'logging.level.web' property to 'DEBUG'
2026-09-03 22:08:02.306 [] INFO  o.s.d.r.c.RepositoryConfigurationDelegate - Bootstrapping Spring Data JPA repositories in DEFAULT mode.
2026-09-03 22:08:02.367 [] INFO  o.s.d.r.c.RepositoryConfigurationDelegate - Finished Spring Data repository scanning in 54 ms. Found 7 JPA repository interfaces.
2026-09-03 22:08:02.800 [] INFO  o.s.boot.tomcat.TomcatWebServer - Tomcat initialized with port 8080 (http)
2026-09-03 22:08:02.812 [] INFO  o.a.catalina.core.StandardService - Starting service [Tomcat]
2026-09-03 22:08:02.812 [] INFO  o.a.catalina.core.StandardEngine - Starting Servlet engine: [Apache Tomcat/11.0.22]
2026-09-03 22:08:02.842 [] INFO  o.s.b.w.c.s.WebApplicationContextInitializer - Root WebApplicationContext: initialization completed in 1186 ms
2026-09-03 22:08:02.920 [] DEBUG p.e.u.b.filter.CorrelationIdFilter - Filter 'correlationIdFilter' configured for use
2026-09-03 22:08:02.969 [] INFO  c.tngtech.archunit.core.PluginLoader - Detected Java version 24.0.2
2026-09-03 22:08:03.900 [] INFO  org.hibernate.orm.jpa - HHH008540: Processing PersistenceUnitInfo [name: default]
2026-09-03 22:08:03.931 [] INFO  org.hibernate.orm.core - HHH000001: Hibernate ORM core version 7.2.19.Final
2026-09-03 22:08:04.214 [] INFO  o.s.o.j.p.SpringPersistenceUnitInfo - No LoadTimeWeaver setup: ignoring JPA class transformer
2026-09-03 22:08:04.237 [] INFO  com.zaxxer.hikari.HikariDataSource - HikariPool-1 - Starting...
2026-09-03 22:08:04.440 [] INFO  com.zaxxer.hikari.pool.HikariPool - HikariPool-1 - Added connection conn0: url=jdbc:h2:mem:bomerp_db user=SA
2026-09-03 22:08:04.441 [] INFO  com.zaxxer.hikari.HikariDataSource - HikariPool-1 - Start completed.
2026-09-03 22:08:04.491 [] INFO  o.hibernate.orm.connections.pooling - HHH10001005: Database info:
	Database JDBC URL [jdbc:h2:mem:bomerp_db]
	Database driver: H2 JDBC Driver
	Database dialect: H2Dialect
	Database version: 2.4.240
	Default catalog/schema: BOMERP_DB/PUBLIC
	Autocommit mode: undefined/unknown
	Isolation level: READ_COMMITTED [default READ_COMMITTED]
	JDBC fetch size: 100
	Pool: DataSourceConnectionProvider
	Minimum pool size: undefined/unknown
	Maximum pool size: undefined/unknown
2026-09-03 22:08:05.167 [] INFO  org.hibernate.orm.core - HHH000489: No JTA platform available (set 'hibernate.transaction.jta.platform' to enable JTA platform integration)
2026-09-03 22:08:05.218 [] INFO  o.s.o.j.LocalContainerEntityManagerFactoryBean - Initialized JPA EntityManagerFactory for persistence unit 'default'
2026-09-03 22:08:05.276 [] INFO  o.s.d.j.r.q.QueryEnhancerFactories - Hibernate is in classpath; If applicable, HQL parser will be used.
2026-09-03 22:08:05.921 [] INFO  o.s.b.a.e.web.EndpointLinksResolver - Exposing 3 endpoints beneath base path '/actuator'
2026-09-03 22:08:05.984 [] INFO  o.s.boot.tomcat.TomcatWebServer - Tomcat started on port 8080 (http) with context path '/'
2026-09-03 22:08:05.992 [] INFO  o.s.s.config.TaskSchedulerRouter - No TaskScheduler/ScheduledExecutorService bean found for scheduled processing
2026-09-03 22:08:05.996 [] INFO  p.e.u.b.BomerpBackendApplication - Started BomerpBackendApplication in 4.775 seconds (process running for 5.118)
2026-09-03 22:08:06.001 [] WARN  o.s.c.events.SpringDocAppInitializer - SpringDoc /v3/api-docs endpoint is enabled by default. To disable it in production, set the property 'springdoc.api-docs.enabled=false'
2026-09-03 22:08:06.001 [] WARN  o.s.c.events.SpringDocAppInitializer - SpringDoc /swagger-ui.html endpoint is enabled by default. To disable it in production, set the property 'springdoc.swagger-ui.enabled=false'
2026-09-03 22:08:34.286 [] INFO  o.a.c.c.C.[Tomcat].[localhost].[/] - Initializing Spring DispatcherServlet 'dispatcherServlet'
2026-09-03 22:08:34.287 [] INFO  o.s.web.servlet.DispatcherServlet - Initializing Servlet 'dispatcherServlet'
2026-09-03 22:08:34.289 [] INFO  o.s.web.servlet.DispatcherServlet - Completed initialization in 2 ms
2026-09-03 22:08:34.920 [957c2c3c-8ea8-48ca-b766-748358c485b8] INFO  o.s.api.AbstractOpenApiResource - Init duration for springdoc-openapi is: 320 ms
2026-09-03 22:10:37.259 [aab2c0b9-c87c-4dfb-bb02-dda5d026d297] WARN  o.s.w.s.m.m.a.ExceptionHandlerExceptionResolver - Resolved [pe.edu.upeu.bomerp.exception.ResourceNotFoundException: Caja chica no encontrada con id: 1]
2026-09-03 22:10:56.470 [4deb0ef4-7724-47d7-a19f-98f9ea862298] WARN  o.s.w.s.m.m.a.ExceptionHandlerExceptionResolver - Resolved [pe.edu.upeu.bomerp.exception.ResourceNotFoundException: Caja chica no encontrada con id: 1]
2026-09-03 22:11:49.805 [] INFO  o.s.b.d.a.LocalDevToolsAutoConfiguration$RestartingClassPathChangeChangedEventListener - Restarting due to 1 class path change (1 addition, 0 deletions, 0 modifications)
2026-09-03 22:11:49.809 [] INFO  o.s.boot.tomcat.GracefulShutdown - Commencing graceful shutdown. Waiting for active requests to complete
2026-09-03 22:11:49.814 [] INFO  o.s.boot.tomcat.GracefulShutdown - Graceful shutdown complete
2026-09-03 22:11:49.822 [] INFO  o.s.o.j.LocalContainerEntityManagerFactoryBean - Closing JPA EntityManagerFactory for persistence unit 'default'
2026-09-03 22:11:49.830 [] WARN  o.s.b.f.s.DisposableBeanAdapter - Invocation of destroy method failed on bean with name 'inMemoryDatabaseShutdownExecutor': org.h2.jdbc.JdbcSQLNonTransientConnectionException: La base de datos ya esta cerrada (para des-habilitar el cerrado automatico durante el shutdown de la VM, agregue ";DB_CLOSE_ON_EXIT=FALSE" a la URL de conexión)
Database is already closed (to disable automatic closing at VM shutdown, add ";DB_CLOSE_ON_EXIT=FALSE" to the db URL) [90121-240]
2026-09-03 22:11:49.831 [] INFO  com.zaxxer.hikari.HikariDataSource - HikariPool-1 - Shutdown initiated...
2026-09-03 22:11:49.832 [] INFO  com.zaxxer.hikari.HikariDataSource - HikariPool-1 - Shutdown completed.
2026-09-03 22:11:49.909 [] INFO  p.e.u.b.BomerpBackendApplication - Starting BomerpBackendApplication using Java 24.0.2 with PID 32584 (E:\repoprofe\bomerp-backend\target\classes started by PC in E:\repoprofe\bomerp-backend)
2026-09-03 22:11:49.909 [] DEBUG p.e.u.b.BomerpBackendApplication - Running with Spring Boot v4.0.7, Spring v7.0.8
2026-09-03 22:11:49.910 [] INFO  p.e.u.b.BomerpBackendApplication - The following 1 profile is active: "h2"
2026-09-03 22:11:50.118 [] INFO  o.s.d.r.c.RepositoryConfigurationDelegate - Bootstrapping Spring Data JPA repositories in DEFAULT mode.
2026-09-03 22:11:50.137 [] INFO  o.s.d.r.c.RepositoryConfigurationDelegate - Finished Spring Data repository scanning in 18 ms. Found 7 JPA repository interfaces.
2026-09-03 22:11:50.226 [] INFO  o.s.boot.tomcat.TomcatWebServer - Tomcat initialized with port 8080 (http)
2026-09-03 22:11:50.228 [] INFO  o.a.catalina.core.StandardService - Starting service [Tomcat]
2026-09-03 22:11:50.228 [] INFO  o.a.catalina.core.StandardEngine - Starting Servlet engine: [Apache Tomcat/11.0.22]
2026-09-03 22:11:50.241 [] INFO  o.s.b.w.c.s.WebApplicationContextInitializer - Root WebApplicationContext: initialization completed in 330 ms
2026-09-03 22:11:50.281 [] DEBUG p.e.u.b.filter.CorrelationIdFilter - Filter 'correlationIdFilter' configured for use
2026-09-03 22:11:50.574 [] INFO  org.hibernate.orm.jpa - HHH008540: Processing PersistenceUnitInfo [name: default]
2026-09-03 22:11:50.591 [] INFO  o.s.o.j.p.SpringPersistenceUnitInfo - No LoadTimeWeaver setup: ignoring JPA class transformer
2026-09-03 22:11:50.592 [] INFO  com.zaxxer.hikari.HikariDataSource - HikariPool-2 - Starting...
2026-09-03 22:11:50.594 [] INFO  com.zaxxer.hikari.pool.HikariPool - HikariPool-2 - Added connection conn10: url=jdbc:h2:mem:bomerp_db user=SA
2026-09-03 22:11:50.594 [] INFO  com.zaxxer.hikari.HikariDataSource - HikariPool-2 - Start completed.
2026-09-03 22:11:50.595 [] INFO  o.hibernate.orm.connections.pooling - HHH10001005: Database info:
	Database JDBC URL [jdbc:h2:mem:bomerp_db]
	Database driver: H2 JDBC Driver
	Database dialect: H2Dialect
	Database version: 2.4.240
	Default catalog/schema: BOMERP_DB/PUBLIC
	Autocommit mode: undefined/unknown
	Isolation level: READ_COMMITTED [default READ_COMMITTED]
	JDBC fetch size: 100
	Pool: DataSourceConnectionProvider
	Minimum pool size: undefined/unknown
	Maximum pool size: undefined/unknown
2026-09-03 22:11:50.682 [] INFO  org.hibernate.orm.core - HHH000489: No JTA platform available (set 'hibernate.transaction.jta.platform' to enable JTA platform integration)
2026-09-03 22:11:50.697 [] INFO  o.s.o.j.LocalContainerEntityManagerFactoryBean - Initialized JPA EntityManagerFactory for persistence unit 'default'
2026-09-03 22:11:50.814 [] WARN  o.s.b.w.s.s.c.AnnotationConfigServletWebServerApplicationContext - Exception encountered during context initialization - cancelling refresh attempt: org.springframework.beans.factory.BeanCreationException: Error creating bean with name 'finanzasDataInitializer': Resolution of declared constructors on bean Class [pe.edu.upeu.bomerp.finanzas.service.FinanzasDataInitializer] from ClassLoader [org.springframework.boot.devtools.restart.classloader.RestartClassLoader@4d842d30] failed
2026-09-03 22:11:50.814 [] INFO  o.s.o.j.LocalContainerEntityManagerFactoryBean - Closing JPA EntityManagerFactory for persistence unit 'default'
2026-09-03 22:11:50.818 [] WARN  o.s.b.f.s.DisposableBeanAdapter - Invocation of destroy method failed on bean with name 'inMemoryDatabaseShutdownExecutor': org.h2.jdbc.JdbcSQLNonTransientConnectionException: La base de datos ya esta cerrada (para des-habilitar el cerrado automatico durante el shutdown de la VM, agregue ";DB_CLOSE_ON_EXIT=FALSE" a la URL de conexión)
Database is already closed (to disable automatic closing at VM shutdown, add ";DB_CLOSE_ON_EXIT=FALSE" to the db URL) [90121-240]
2026-09-03 22:11:50.818 [] INFO  com.zaxxer.hikari.HikariDataSource - HikariPool-2 - Shutdown initiated...
2026-09-03 22:11:50.820 [] INFO  com.zaxxer.hikari.HikariDataSource - HikariPool-2 - Shutdown completed.
2026-09-03 22:11:50.821 [] INFO  o.a.catalina.core.StandardService - Stopping service [Tomcat]
2026-09-03 22:11:50.825 [] INFO  o.s.b.a.l.ConditionEvaluationReportLogger - 

Error starting ApplicationContext. To display the condition evaluation report re-run your application with 'debug' enabled.
2026-09-03 22:11:50.836 [] ERROR o.s.boot.SpringApplication - Application run failed
org.springframework.beans.factory.BeanCreationException: Error creating bean with name 'finanzasDataInitializer': Resolution of declared constructors on bean Class [pe.edu.upeu.bomerp.finanzas.service.FinanzasDataInitializer] from ClassLoader [org.springframework.boot.devtools.restart.classloader.RestartClassLoader@4d842d30] failed
	at org.springframework.beans.factory.annotation.AutowiredAnnotationBeanPostProcessor.determineCandidateConstructors(AutowiredAnnotationBeanPostProcessor.java:368)
	at org.springframework.beans.factory.support.AbstractAutowireCapableBeanFactory.determineConstructorsFromBeanPostProcessors(AbstractAutowireCapableBeanFactory.java:1319)
	at org.springframework.beans.factory.support.AbstractAutowireCapableBeanFactory.createBeanInstance(AbstractAutowireCapableBeanFactory.java:1216)
	at org.springframework.beans.factory.support.AbstractAutowireCapableBeanFactory.doCreateBean(AbstractAutowireCapableBeanFactory.java:565)
	at org.springframework.beans.factory.support.AbstractAutowireCapableBeanFactory.createBean(AbstractAutowireCapableBeanFactory.java:525)
	at org.springframework.beans.factory.support.AbstractBeanFactory.lambda$doGetBean$0(AbstractBeanFactory.java:333)
	at org.springframework.beans.factory.support.DefaultSingletonBeanRegistry.getSingleton(DefaultSingletonBeanRegistry.java:371)
	at org.springframework.beans.factory.support.AbstractBeanFactory.doGetBean(AbstractBeanFactory.java:331)
	at org.springframework.beans.factory.support.AbstractBeanFactory.getBean(AbstractBeanFactory.java:196)
	at org.springframework.beans.factory.support.DefaultListableBeanFactory.instantiateSingleton(DefaultListableBeanFactory.java:1225)
	at org.springframework.beans.factory.support.DefaultListableBeanFactory.preInstantiateSingleton(DefaultListableBeanFactory.java:1191)
	at org.springframework.beans.factory.support.DefaultListableBeanFactory.preInstantiateSingletons(DefaultListableBeanFactory.java:1121)
	at org.springframework.context.support.AbstractApplicationContext.finishBeanFactoryInitialization(AbstractApplicationContext.java:994)
	at org.springframework.context.support.AbstractApplicationContext.refresh(AbstractApplicationContext.java:621)
	at org.springframework.boot.web.server.servlet.context.ServletWebServerApplicationContext.refresh(ServletWebServerApplicationContext.java:143)
	at org.springframework.boot.SpringApplication.refresh(SpringApplication.java:756)
	at org.springframework.boot.SpringApplication.refreshContext(SpringApplication.java:445)
	at org.springframework.boot.SpringApplication.run(SpringApplication.java:321)
	at org.springframework.boot.SpringApplication.run(SpringApplication.java:1365)
	at org.springframework.boot.SpringApplication.run(SpringApplication.java:1354)
	at pe.edu.upeu.bomerp.BomerpBackendApplication.main(BomerpBackendApplication.java:10)
	at java.base/jdk.internal.reflect.DirectMethodHandleAccessor.invoke(DirectMethodHandleAccessor.java:104)
	at java.base/java.lang.reflect.Method.invoke(Method.java:565)
	at org.springframework.boot.devtools.restart.RestartLauncher.run(RestartLauncher.java:52)
Caused by: java.lang.NoClassDefFoundError: CajaChicaRepository
	at java.base/java.lang.Class.getDeclaredConstructors0(Native Method)
	at java.base/java.lang.Class.privateGetDeclaredConstructors(Class.java:3006)
	at java.base/java.lang.Class.getDeclaredConstructors(Class.java:2356)
	at org.springframework.beans.factory.annotation.AutowiredAnnotationBeanPostProcessor.determineCandidateConstructors(AutowiredAnnotationBeanPostProcessor.java:363)
	... 23 common frames omitted
Caused by: java.lang.ClassNotFoundException: CajaChicaRepository
	at java.base/jdk.internal.loader.BuiltinClassLoader.loadClass(BuiltinClassLoader.java:580)
	at java.base/java.lang.ClassLoader.loadClass(ClassLoader.java:490)
	at java.base/java.lang.Class.forName0(Native Method)
	at java.base/java.lang.Class.forName(Class.java:543)
	at org.springframework.boot.devtools.restart.classloader.RestartClassLoader.loadClass(RestartClassLoader.java:123)
	at java.base/java.lang.ClassLoader.loadClass(ClassLoader.java:490)
	... 27 common frames omitted
2026-09-03 22:12:08.353 [] INFO  p.e.u.b.BomerpBackendApplication - Starting BomerpBackendApplication using Java 24.0.2 with PID 32584 (E:\repoprofe\bomerp-backend\target\classes started by PC in E:\repoprofe\bomerp-backend)
2026-09-03 22:12:08.353 [] DEBUG p.e.u.b.BomerpBackendApplication - Running with Spring Boot v4.0.7, Spring v7.0.8
2026-09-03 22:12:08.353 [] INFO  p.e.u.b.BomerpBackendApplication - The following 1 profile is active: "h2"
2026-09-03 22:12:08.534 [] INFO  o.s.d.r.c.RepositoryConfigurationDelegate - Bootstrapping Spring Data JPA repositories in DEFAULT mode.
2026-09-03 22:12:08.540 [] INFO  o.s.d.r.c.RepositoryConfigurationDelegate - Finished Spring Data repository scanning in 3 ms. Found 0 JPA repository interfaces.
2026-09-03 22:12:08.615 [] INFO  o.s.boot.tomcat.TomcatWebServer - Tomcat initialized with port 8080 (http)
2026-09-03 22:12:08.616 [] INFO  o.a.catalina.core.StandardService - Starting service [Tomcat]
2026-09-03 22:12:08.616 [] INFO  o.a.catalina.core.StandardEngine - Starting Servlet engine: [Apache Tomcat/11.0.22]
2026-09-03 22:12:08.630 [] INFO  o.s.b.w.c.s.WebApplicationContextInitializer - Root WebApplicationContext: initialization completed in 275 ms
2026-09-03 22:12:08.713 [] INFO  org.hibernate.orm.jpa - HHH008540: Processing PersistenceUnitInfo [name: default]
2026-09-03 22:12:08.728 [] INFO  o.s.o.j.p.SpringPersistenceUnitInfo - No LoadTimeWeaver setup: ignoring JPA class transformer
2026-09-03 22:12:08.729 [] INFO  com.zaxxer.hikari.HikariDataSource - HikariPool-3 - Starting...
2026-09-03 22:12:08.731 [] INFO  com.zaxxer.hikari.pool.HikariPool - HikariPool-3 - Added connection conn15: url=jdbc:h2:mem:bomerp_db user=SA
2026-09-03 22:12:08.731 [] INFO  com.zaxxer.hikari.HikariDataSource - HikariPool-3 - Start completed.
2026-09-03 22:12:08.732 [] INFO  o.hibernate.orm.connections.pooling - HHH10001005: Database info:
	Database JDBC URL [jdbc:h2:mem:bomerp_db]
	Database driver: H2 JDBC Driver
	Database dialect: H2Dialect
	Database version: 2.4.240
	Default catalog/schema: BOMERP_DB/PUBLIC
	Autocommit mode: undefined/unknown
	Isolation level: READ_COMMITTED [default READ_COMMITTED]
	JDBC fetch size: 100
	Pool: DataSourceConnectionProvider
	Minimum pool size: undefined/unknown
	Maximum pool size: undefined/unknown
2026-09-03 22:12:08.745 [] INFO  org.hibernate.orm.core - HHH000489: No JTA platform available (set 'hibernate.transaction.jta.platform' to enable JTA platform integration)
2026-09-03 22:12:08.745 [] INFO  o.s.o.j.LocalContainerEntityManagerFactoryBean - Initialized JPA EntityManagerFactory for persistence unit 'default'
2026-09-03 22:12:08.757 [] WARN  o.s.b.w.s.s.c.AnnotationConfigServletWebServerApplicationContext - Exception encountered during context initialization - cancelling refresh attempt: org.springframework.beans.factory.BeanCreationException: Error creating bean with name 'finanzasDataInitializer': Resolution of declared constructors on bean Class [pe.edu.upeu.bomerp.finanzas.service.FinanzasDataInitializer] from ClassLoader [org.springframework.boot.devtools.restart.classloader.RestartClassLoader@6ea48f9a] failed
2026-09-03 22:12:08.757 [] INFO  o.s.o.j.LocalContainerEntityManagerFactoryBean - Closing JPA EntityManagerFactory for persistence unit 'default'
2026-09-03 22:12:08.758 [] WARN  o.s.b.f.s.DisposableBeanAdapter - Invocation of destroy method failed on bean with name 'inMemoryDatabaseShutdownExecutor': org.h2.jdbc.JdbcSQLNonTransientConnectionException: La base de datos ya esta cerrada (para des-habilitar el cerrado automatico durante el shutdown de la VM, agregue ";DB_CLOSE_ON_EXIT=FALSE" a la URL de conexión)
Database is already closed (to disable automatic closing at VM shutdown, add ";DB_CLOSE_ON_EXIT=FALSE" to the db URL) [90121-240]
2026-09-03 22:12:08.758 [] INFO  com.zaxxer.hikari.HikariDataSource - HikariPool-3 - Shutdown initiated...
2026-09-03 22:12:08.758 [] INFO  com.zaxxer.hikari.HikariDataSource - HikariPool-3 - Shutdown completed.
2026-09-03 22:12:08.759 [] INFO  o.a.catalina.core.StandardService - Stopping service [Tomcat]
2026-09-03 22:12:08.761 [] INFO  o.s.b.a.l.ConditionEvaluationReportLogger - 

Error starting ApplicationContext. To display the condition evaluation report re-run your application with 'debug' enabled.
2026-09-03 22:12:08.763 [] ERROR o.s.boot.SpringApplication - Application run failed
org.springframework.beans.factory.BeanCreationException: Error creating bean with name 'finanzasDataInitializer': Resolution of declared constructors on bean Class [pe.edu.upeu.bomerp.finanzas.service.FinanzasDataInitializer] from ClassLoader [org.springframework.boot.devtools.restart.classloader.RestartClassLoader@6ea48f9a] failed
	at org.springframework.beans.factory.annotation.AutowiredAnnotationBeanPostProcessor.determineCandidateConstructors(AutowiredAnnotationBeanPostProcessor.java:368)
	at org.springframework.beans.factory.support.AbstractAutowireCapableBeanFactory.determineConstructorsFromBeanPostProcessors(AbstractAutowireCapableBeanFactory.java:1319)
	at org.springframework.beans.factory.support.AbstractAutowireCapableBeanFactory.createBeanInstance(AbstractAutowireCapableBeanFactory.java:1216)
	at org.springframework.beans.factory.support.AbstractAutowireCapableBeanFactory.doCreateBean(AbstractAutowireCapableBeanFactory.java:565)
	at org.springframework.beans.factory.support.AbstractAutowireCapableBeanFactory.createBean(AbstractAutowireCapableBeanFactory.java:525)
	at org.springframework.beans.factory.support.AbstractBeanFactory.lambda$doGetBean$0(AbstractBeanFactory.java:333)
	at org.springframework.beans.factory.support.DefaultSingletonBeanRegistry.getSingleton(DefaultSingletonBeanRegistry.java:371)
	at org.springframework.beans.factory.support.AbstractBeanFactory.doGetBean(AbstractBeanFactory.java:331)
	at org.springframework.beans.factory.support.AbstractBeanFactory.getBean(AbstractBeanFactory.java:196)
	at org.springframework.beans.factory.support.DefaultListableBeanFactory.instantiateSingleton(DefaultListableBeanFactory.java:1225)
	at org.springframework.beans.factory.support.DefaultListableBeanFactory.preInstantiateSingleton(DefaultListableBeanFactory.java:1191)
	at org.springframework.beans.factory.support.DefaultListableBeanFactory.preInstantiateSingletons(DefaultListableBeanFactory.java:1121)
	at org.springframework.context.support.AbstractApplicationContext.finishBeanFactoryInitialization(AbstractApplicationContext.java:994)
	at org.springframework.context.support.AbstractApplicationContext.refresh(AbstractApplicationContext.java:621)
	at org.springframework.boot.web.server.servlet.context.ServletWebServerApplicationContext.refresh(ServletWebServerApplicationContext.java:143)
	at org.springframework.boot.SpringApplication.refresh(SpringApplication.java:756)
	at org.springframework.boot.SpringApplication.refreshContext(SpringApplication.java:445)
	at org.springframework.boot.SpringApplication.run(SpringApplication.java:321)
	at org.springframework.boot.SpringApplication.run(SpringApplication.java:1365)
	at org.springframework.boot.SpringApplication.run(SpringApplication.java:1354)
	at pe.edu.upeu.bomerp.BomerpBackendApplication.main(BomerpBackendApplication.java:10)
	at java.base/jdk.internal.reflect.DirectMethodHandleAccessor.invoke(DirectMethodHandleAccessor.java:104)
	at java.base/java.lang.reflect.Method.invoke(Method.java:565)
	at org.springframework.boot.devtools.restart.RestartLauncher.run(RestartLauncher.java:52)
Caused by: java.lang.NoClassDefFoundError: CajaChicaRepository
	at java.base/java.lang.Class.getDeclaredConstructors0(Native Method)
	at java.base/java.lang.Class.privateGetDeclaredConstructors(Class.java:3006)
	at java.base/java.lang.Class.getDeclaredConstructors(Class.java:2356)
	at org.springframework.beans.factory.annotation.AutowiredAnnotationBeanPostProcessor.determineCandidateConstructors(AutowiredAnnotationBeanPostProcessor.java:363)
	... 23 common frames omitted
Caused by: java.lang.ClassNotFoundException: CajaChicaRepository
	at java.base/jdk.internal.loader.BuiltinClassLoader.loadClass(BuiltinClassLoader.java:580)
	at java.base/java.lang.ClassLoader.loadClass(ClassLoader.java:490)
	at java.base/java.lang.Class.forName0(Native Method)
	at java.base/java.lang.Class.forName(Class.java:543)
	at org.springframework.boot.devtools.restart.classloader.RestartClassLoader.loadClass(RestartClassLoader.java:123)
	at java.base/java.lang.ClassLoader.loadClass(ClassLoader.java:490)
	... 27 common frames omitted
2026-09-03 22:12:11.614 [] INFO  p.e.u.b.BomerpBackendApplication - Starting BomerpBackendApplication using Java 24.0.2 with PID 32584 (E:\repoprofe\bomerp-backend\target\classes started by PC in E:\repoprofe\bomerp-backend)
2026-09-03 22:12:11.615 [] DEBUG p.e.u.b.BomerpBackendApplication - Running with Spring Boot v4.0.7, Spring v7.0.8
2026-09-03 22:12:11.615 [] INFO  p.e.u.b.BomerpBackendApplication - The following 1 profile is active: "h2"
2026-09-03 22:12:11.829 [] INFO  o.s.d.r.c.RepositoryConfigurationDelegate - Bootstrapping Spring Data JPA repositories in DEFAULT mode.
2026-09-03 22:12:11.853 [] INFO  o.s.d.r.c.RepositoryConfigurationDelegate - Finished Spring Data repository scanning in 22 ms. Found 7 JPA repository interfaces.
2026-09-03 22:12:11.932 [] INFO  o.s.boot.tomcat.TomcatWebServer - Tomcat initialized with port 8080 (http)
2026-09-03 22:12:11.932 [] INFO  o.a.catalina.core.StandardService - Starting service [Tomcat]
2026-09-03 22:12:11.932 [] INFO  o.a.catalina.core.StandardEngine - Starting Servlet engine: [Apache Tomcat/11.0.22]
2026-09-03 22:12:11.947 [] INFO  o.s.b.w.c.s.WebApplicationContextInitializer - Root WebApplicationContext: initialization completed in 330 ms
2026-09-03 22:12:11.974 [] DEBUG p.e.u.b.filter.CorrelationIdFilter - Filter 'correlationIdFilter' configured for use
2026-09-03 22:12:12.264 [] INFO  org.hibernate.orm.jpa - HHH008540: Processing PersistenceUnitInfo [name: default]
2026-09-03 22:12:12.282 [] INFO  o.s.o.j.p.SpringPersistenceUnitInfo - No LoadTimeWeaver setup: ignoring JPA class transformer
2026-09-03 22:12:12.283 [] INFO  com.zaxxer.hikari.HikariDataSource - HikariPool-4 - Starting...
2026-09-03 22:12:12.285 [] INFO  com.zaxxer.hikari.pool.HikariPool - HikariPool-4 - Added connection conn16: url=jdbc:h2:mem:bomerp_db user=SA
2026-09-03 22:12:12.285 [] INFO  com.zaxxer.hikari.HikariDataSource - HikariPool-4 - Start completed.
2026-09-03 22:12:12.286 [] INFO  o.hibernate.orm.connections.pooling - HHH10001005: Database info:
	Database JDBC URL [jdbc:h2:mem:bomerp_db]
	Database driver: H2 JDBC Driver
	Database dialect: H2Dialect
	Database version: 2.4.240
	Default catalog/schema: BOMERP_DB/PUBLIC
	Autocommit mode: undefined/unknown
	Isolation level: READ_COMMITTED [default READ_COMMITTED]
	JDBC fetch size: 100
	Pool: DataSourceConnectionProvider
	Minimum pool size: undefined/unknown
	Maximum pool size: undefined/unknown
2026-09-03 22:12:12.363 [] INFO  org.hibernate.orm.core - HHH000489: No JTA platform available (set 'hibernate.transaction.jta.platform' to enable JTA platform integration)
2026-09-03 22:12:12.375 [] INFO  o.s.o.j.LocalContainerEntityManagerFactoryBean - Initialized JPA EntityManagerFactory for persistence unit 'default'
2026-09-03 22:12:12.781 [] INFO  o.s.b.a.e.web.EndpointLinksResolver - Exposing 3 endpoints beneath base path '/actuator'
2026-09-03 22:12:12.801 [] INFO  o.s.boot.tomcat.TomcatWebServer - Tomcat started on port 8080 (http) with context path '/'
2026-09-03 22:12:12.805 [] INFO  o.s.s.config.TaskSchedulerRouter - No TaskScheduler/ScheduledExecutorService bean found for scheduled processing
2026-09-03 22:12:12.806 [] INFO  p.e.u.b.BomerpBackendApplication - Started BomerpBackendApplication in 1.216 seconds (process running for 251.928)
2026-09-03 22:12:12.897 [] WARN  o.s.c.events.SpringDocAppInitializer - SpringDoc /v3/api-docs endpoint is enabled by default. To disable it in production, set the property 'springdoc.api-docs.enabled=false'
2026-09-03 22:12:12.897 [] WARN  o.s.c.events.SpringDocAppInitializer - SpringDoc /swagger-ui.html endpoint is enabled by default. To disable it in production, set the property 'springdoc.swagger-ui.enabled=false'
2026-09-03 22:12:12.898 [] INFO  o.s.b.d.a.ConditionEvaluationDeltaLoggingListener - Condition evaluation unchanged
2026-09-03 22:12:13.629 [] INFO  p.e.u.b.BomerpBackendApplicationTests - Starting BomerpBackendApplicationTests using Java 24.0.2 with PID 4192 (started by PC in E:\repoprofe\bomerp-backend)
2026-09-03 22:12:13.630 [] DEBUG p.e.u.b.BomerpBackendApplicationTests - Running with Spring Boot v4.0.7, Spring v7.0.8
2026-09-03 22:12:13.631 [] INFO  p.e.u.b.BomerpBackendApplicationTests - The following 1 profile is active: "h2"
2026-09-03 22:12:14.501 [] INFO  o.s.d.r.c.RepositoryConfigurationDelegate - Bootstrapping Spring Data JPA repositories in DEFAULT mode.
2026-09-03 22:12:14.582 [] INFO  o.s.d.r.c.RepositoryConfigurationDelegate - Finished Spring Data repository scanning in 70 ms. Found 7 JPA repository interfaces.
2026-09-03 22:12:14.965 [] INFO  c.tngtech.archunit.core.PluginLoader - Detected Java version 24.0.2
2026-09-03 22:12:16.047 [] INFO  org.hibernate.orm.jpa - HHH008540: Processing PersistenceUnitInfo [name: default]
2026-09-03 22:12:16.105 [] INFO  org.hibernate.orm.core - HHH000001: Hibernate ORM core version 7.2.19.Final
2026-09-03 22:12:16.502 [] INFO  o.s.o.j.p.SpringPersistenceUnitInfo - No LoadTimeWeaver setup: ignoring JPA class transformer
2026-09-03 22:12:16.528 [] INFO  com.zaxxer.hikari.HikariDataSource - HikariPool-1 - Starting...
2026-09-03 22:12:16.786 [] INFO  com.zaxxer.hikari.pool.HikariPool - HikariPool-1 - Added connection conn0: url=jdbc:h2:mem:bomerp_db user=SA
2026-09-03 22:12:16.788 [] INFO  com.zaxxer.hikari.HikariDataSource - HikariPool-1 - Start completed.
2026-09-03 22:12:16.839 [] INFO  o.hibernate.orm.connections.pooling - HHH10001005: Database info:
	Database JDBC URL [jdbc:h2:mem:bomerp_db]
	Database driver: H2 JDBC Driver
	Database dialect: H2Dialect
	Database version: 2.4.240
	Default catalog/schema: BOMERP_DB/PUBLIC
	Autocommit mode: undefined/unknown
	Isolation level: READ_COMMITTED [default READ_COMMITTED]
	JDBC fetch size: 100
	Pool: DataSourceConnectionProvider
	Minimum pool size: undefined/unknown
	Maximum pool size: undefined/unknown
2026-09-03 22:12:17.623 [] INFO  org.hibernate.orm.core - HHH000489: No JTA platform available (set 'hibernate.transaction.jta.platform' to enable JTA platform integration)
2026-09-03 22:12:17.673 [] INFO  o.s.o.j.LocalContainerEntityManagerFactoryBean - Initialized JPA EntityManagerFactory for persistence unit 'default'
2026-09-03 22:12:17.755 [] INFO  o.s.d.j.r.q.QueryEnhancerFactories - Hibernate is in classpath; If applicable, HQL parser will be used.
2026-09-03 22:12:18.792 [] INFO  o.s.b.a.e.web.EndpointLinksResolver - Exposing 3 endpoints beneath base path '/actuator'
2026-09-03 22:12:18.850 [] INFO  o.s.s.config.TaskSchedulerRouter - No TaskScheduler/ScheduledExecutorService bean found for scheduled processing
2026-09-03 22:12:18.856 [] INFO  p.e.u.b.BomerpBackendApplicationTests - Started BomerpBackendApplicationTests in 5.616 seconds (process running for 6.886)
2026-09-03 22:12:19.268 [] WARN  o.s.c.events.SpringDocAppInitializer - SpringDoc /v3/api-docs endpoint is enabled by default. To disable it in production, set the property 'springdoc.api-docs.enabled=false'
2026-09-03 22:12:19.268 [] WARN  o.s.c.events.SpringDocAppInitializer - SpringDoc /swagger-ui.html endpoint is enabled by default. To disable it in production, set the property 'springdoc.swagger-ui.enabled=false'
2026-09-03 22:12:19.579 [] INFO  o.s.t.c.s.AnnotationConfigContextLoaderUtils - Could not detect default configuration classes for test class [pe.edu.upeu.bomerp.catalogo.categoria.controller.CategoriaControllerTest]: CategoriaControllerTest does not declare any static, non-private, non-final, nested classes annotated with @Configuration.
2026-09-03 22:12:19.616 [] INFO  o.s.b.t.c.SpringBootTestContextBootstrapper - Found @SpringBootConfiguration pe.edu.upeu.bomerp.BomerpBackendApplication for test class pe.edu.upeu.bomerp.catalogo.categoria.controller.CategoriaControllerTest
2026-09-03 22:12:19.618 [] INFO  o.s.t.c.s.AnnotationConfigContextLoaderUtils - Could not detect default configuration classes for test class [pe.edu.upeu.bomerp.catalogo.categoria.controller.CategoriaControllerTest]: CategoriaControllerTest does not declare any static, non-private, non-final, nested classes annotated with @Configuration.
2026-09-03 22:12:19.624 [] INFO  o.s.b.t.c.SpringBootTestContextBootstrapper - Found @SpringBootConfiguration pe.edu.upeu.bomerp.BomerpBackendApplication for test class pe.edu.upeu.bomerp.catalogo.categoria.controller.CategoriaControllerTest
2026-09-03 22:12:19.629 [] INFO  o.s.b.d.r.RestartApplicationListener - Restart disabled due to context in which it is running
2026-09-03 22:12:19.661 [] INFO  p.e.u.b.c.c.c.CategoriaControllerTest - Starting CategoriaControllerTest using Java 24.0.2 with PID 4192 (started by PC in E:\repoprofe\bomerp-backend)
2026-09-03 22:12:19.661 [] DEBUG p.e.u.b.c.c.c.CategoriaControllerTest - Running with Spring Boot v4.0.7, Spring v7.0.8
2026-09-03 22:12:19.661 [] INFO  p.e.u.b.c.c.c.CategoriaControllerTest - The following 1 profile is active: "h2"
2026-09-03 22:12:19.953 [] DEBUG p.e.u.b.filter.CorrelationIdFilter - Filter 'correlationIdFilter' configured for use
2026-09-03 22:12:19.953 [] INFO  o.s.b.t.m.w.SpringBootMockServletContext - Initializing Spring TestDispatcherServlet ''
2026-09-03 22:12:19.953 [] INFO  o.s.t.w.s.TestDispatcherServlet - Initializing Servlet ''
2026-09-03 22:12:19.955 [] INFO  o.s.t.w.s.TestDispatcherServlet - Completed initialization in 1 ms
2026-09-03 22:12:19.964 [] INFO  p.e.u.b.c.c.c.CategoriaControllerTest - Started CategoriaControllerTest in 0.335 seconds (process running for 7.995)
2026-09-03 22:12:20.224 [] INFO  o.s.t.c.s.AnnotationConfigContextLoaderUtils - Could not detect default configuration classes for test class [pe.edu.upeu.bomerp.catalogo.producto.controller.ProductoControllerTest]: ProductoControllerTest does not declare any static, non-private, non-final, nested classes annotated with @Configuration.
2026-09-03 22:12:20.239 [] INFO  o.s.b.t.c.SpringBootTestContextBootstrapper - Found @SpringBootConfiguration pe.edu.upeu.bomerp.BomerpBackendApplication for test class pe.edu.upeu.bomerp.catalogo.producto.controller.ProductoControllerTest
2026-09-03 22:12:20.240 [] INFO  o.s.t.c.s.AnnotationConfigContextLoaderUtils - Could not detect default configuration classes for test class [pe.edu.upeu.bomerp.catalogo.producto.controller.ProductoControllerTest]: ProductoControllerTest does not declare any static, non-private, non-final, nested classes annotated with @Configuration.
2026-09-03 22:12:20.243 [] INFO  o.s.b.t.c.SpringBootTestContextBootstrapper - Found @SpringBootConfiguration pe.edu.upeu.bomerp.BomerpBackendApplication for test class pe.edu.upeu.bomerp.catalogo.producto.controller.ProductoControllerTest
2026-09-03 22:12:20.246 [] INFO  o.s.b.d.r.RestartApplicationListener - Restart disabled due to context in which it is running
2026-09-03 22:12:20.265 [] INFO  p.e.u.b.c.p.c.ProductoControllerTest - Starting ProductoControllerTest using Java 24.0.2 with PID 4192 (started by PC in E:\repoprofe\bomerp-backend)
2026-09-03 22:12:20.265 [] DEBUG p.e.u.b.c.p.c.ProductoControllerTest - Running with Spring Boot v4.0.7, Spring v7.0.8
2026-09-03 22:12:20.265 [] INFO  p.e.u.b.c.p.c.ProductoControllerTest - The following 1 profile is active: "h2"
2026-09-03 22:12:20.404 [] DEBUG p.e.u.b.filter.CorrelationIdFilter - Filter 'correlationIdFilter' configured for use
2026-09-03 22:12:20.404 [] INFO  o.s.b.t.m.w.SpringBootMockServletContext - Initializing Spring TestDispatcherServlet ''
2026-09-03 22:12:20.404 [] INFO  o.s.t.w.s.TestDispatcherServlet - Initializing Servlet ''
2026-09-03 22:12:20.405 [] INFO  o.s.t.w.s.TestDispatcherServlet - Completed initialization in 1 ms
2026-09-03 22:12:20.408 [] INFO  p.e.u.b.c.p.c.ProductoControllerTest - Started ProductoControllerTest in 0.163 seconds (process running for 8.438)
2026-09-03 22:12:20.480 [] INFO  o.s.t.c.s.AnnotationConfigContextLoaderUtils - Could not detect default configuration classes for test class [pe.edu.upeu.bomerp.finanzas.controller.CategoriaFinancieraControllerTest]: CategoriaFinancieraControllerTest does not declare any static, non-private, non-final, nested classes annotated with @Configuration.
2026-09-03 22:12:20.504 [] INFO  o.s.b.t.c.SpringBootTestContextBootstrapper - Found @SpringBootConfiguration pe.edu.upeu.bomerp.BomerpBackendApplication for test class pe.edu.upeu.bomerp.finanzas.controller.CategoriaFinancieraControllerTest
2026-09-03 22:12:20.505 [] INFO  o.s.t.c.s.AnnotationConfigContextLoaderUtils - Could not detect default configuration classes for test class [pe.edu.upeu.bomerp.finanzas.controller.CategoriaFinancieraControllerTest]: CategoriaFinancieraControllerTest does not declare any static, non-private, non-final, nested classes annotated with @Configuration.
2026-09-03 22:12:20.509 [] INFO  o.s.b.t.c.SpringBootTestContextBootstrapper - Found @SpringBootConfiguration pe.edu.upeu.bomerp.BomerpBackendApplication for test class pe.edu.upeu.bomerp.finanzas.controller.CategoriaFinancieraControllerTest
2026-09-03 22:12:20.512 [] INFO  o.s.b.d.r.RestartApplicationListener - Restart disabled due to context in which it is running
2026-09-03 22:12:20.532 [] INFO  p.e.u.b.f.c.CategoriaFinancieraControllerTest - Starting CategoriaFinancieraControllerTest using Java 24.0.2 with PID 4192 (started by PC in E:\repoprofe\bomerp-backend)
2026-09-03 22:12:20.532 [] DEBUG p.e.u.b.f.c.CategoriaFinancieraControllerTest - Running with Spring Boot v4.0.7, Spring v7.0.8
2026-09-03 22:12:20.532 [] INFO  p.e.u.b.f.c.CategoriaFinancieraControllerTest - The following 1 profile is active: "h2"
2026-09-03 22:12:20.707 [] DEBUG p.e.u.b.filter.CorrelationIdFilter - Filter 'correlationIdFilter' configured for use
2026-09-03 22:12:20.707 [] INFO  o.s.b.t.m.w.SpringBootMockServletContext - Initializing Spring TestDispatcherServlet ''
2026-09-03 22:12:20.707 [] INFO  o.s.t.w.s.TestDispatcherServlet - Initializing Servlet ''
2026-09-03 22:12:20.708 [] INFO  o.s.t.w.s.TestDispatcherServlet - Completed initialization in 1 ms
2026-09-03 22:12:20.711 [] INFO  p.e.u.b.f.c.CategoriaFinancieraControllerTest - Started CategoriaFinancieraControllerTest in 0.199 seconds (process running for 8.74)
2026-09-03 22:12:20.756 [] INFO  o.s.t.c.s.AnnotationConfigContextLoaderUtils - Could not detect default configuration classes for test class [pe.edu.upeu.bomerp.finanzas.controller.RendicionCajaChicaControllerTest]: RendicionCajaChicaControllerTest does not declare any static, non-private, non-final, nested classes annotated with @Configuration.
2026-09-03 22:12:20.760 [] INFO  o.s.b.t.c.SpringBootTestContextBootstrapper - Found @SpringBootConfiguration pe.edu.upeu.bomerp.BomerpBackendApplication for test class pe.edu.upeu.bomerp.finanzas.controller.RendicionCajaChicaControllerTest
2026-09-03 22:12:20.761 [] INFO  o.s.t.c.s.AnnotationConfigContextLoaderUtils - Could not detect default configuration classes for test class [pe.edu.upeu.bomerp.finanzas.controller.RendicionCajaChicaControllerTest]: RendicionCajaChicaControllerTest does not declare any static, non-private, non-final, nested classes annotated with @Configuration.
2026-09-03 22:12:20.765 [] INFO  o.s.b.t.c.SpringBootTestContextBootstrapper - Found @SpringBootConfiguration pe.edu.upeu.bomerp.BomerpBackendApplication for test class pe.edu.upeu.bomerp.finanzas.controller.RendicionCajaChicaControllerTest
2026-09-03 22:12:20.767 [] INFO  o.s.b.d.r.RestartApplicationListener - Restart disabled due to context in which it is running
2026-09-03 22:12:20.807 [] INFO  p.e.u.b.f.c.RendicionCajaChicaControllerTest - Starting RendicionCajaChicaControllerTest using Java 24.0.2 with PID 4192 (started by PC in E:\repoprofe\bomerp-backend)
2026-09-03 22:12:20.808 [] DEBUG p.e.u.b.f.c.RendicionCajaChicaControllerTest - Running with Spring Boot v4.0.7, Spring v7.0.8
2026-09-03 22:12:20.808 [] INFO  p.e.u.b.f.c.RendicionCajaChicaControllerTest - The following 1 profile is active: "h2"
2026-09-03 22:12:20.992 [] DEBUG p.e.u.b.filter.CorrelationIdFilter - Filter 'correlationIdFilter' configured for use
2026-09-03 22:12:20.993 [] INFO  o.s.b.t.m.w.SpringBootMockServletContext - Initializing Spring TestDispatcherServlet ''
2026-09-03 22:12:20.993 [] INFO  o.s.t.w.s.TestDispatcherServlet - Initializing Servlet ''
2026-09-03 22:12:20.994 [] INFO  o.s.t.w.s.TestDispatcherServlet - Completed initialization in 1 ms
2026-09-03 22:12:20.997 [] INFO  p.e.u.b.f.c.RendicionCajaChicaControllerTest - Started RendicionCajaChicaControllerTest in 0.23 seconds (process running for 9.027)
2026-09-03 22:12:21.071 [] INFO  o.s.t.c.s.AnnotationConfigContextLoaderUtils - Could not detect default configuration classes for test class [pe.edu.upeu.bomerp.finanzas.controller.TransaccionFinancieraControllerTest]: TransaccionFinancieraControllerTest does not declare any static, non-private, non-final, nested classes annotated with @Configuration.
2026-09-03 22:12:21.075 [] INFO  o.s.b.t.c.SpringBootTestContextBootstrapper - Found @SpringBootConfiguration pe.edu.upeu.bomerp.BomerpBackendApplication for test class pe.edu.upeu.bomerp.finanzas.controller.TransaccionFinancieraControllerTest
2026-09-03 22:12:21.076 [] INFO  o.s.t.c.s.AnnotationConfigContextLoaderUtils - Could not detect default configuration classes for test class [pe.edu.upeu.bomerp.finanzas.controller.TransaccionFinancieraControllerTest]: TransaccionFinancieraControllerTest does not declare any static, non-private, non-final, nested classes annotated with @Configuration.
2026-09-03 22:12:21.080 [] INFO  o.s.b.t.c.SpringBootTestContextBootstrapper - Found @SpringBootConfiguration pe.edu.upeu.bomerp.BomerpBackendApplication for test class pe.edu.upeu.bomerp.finanzas.controller.TransaccionFinancieraControllerTest
2026-09-03 22:12:21.082 [] INFO  o.s.b.d.r.RestartApplicationListener - Restart disabled due to context in which it is running
2026-09-03 22:12:21.100 [] INFO  p.e.u.b.f.c.TransaccionFinancieraControllerTest - Starting TransaccionFinancieraControllerTest using Java 24.0.2 with PID 4192 (started by PC in E:\repoprofe\bomerp-backend)
2026-09-03 22:12:21.101 [] DEBUG p.e.u.b.f.c.TransaccionFinancieraControllerTest - Running with Spring Boot v4.0.7, Spring v7.0.8
2026-09-03 22:12:21.101 [] INFO  p.e.u.b.f.c.TransaccionFinancieraControllerTest - The following 1 profile is active: "h2"
2026-09-03 22:12:21.213 [] DEBUG p.e.u.b.filter.CorrelationIdFilter - Filter 'correlationIdFilter' configured for use
2026-09-03 22:12:21.214 [] INFO  o.s.b.t.m.w.SpringBootMockServletContext - Initializing Spring TestDispatcherServlet ''
2026-09-03 22:12:21.214 [] INFO  o.s.t.w.s.TestDispatcherServlet - Initializing Servlet ''
2026-09-03 22:12:21.214 [] INFO  o.s.t.w.s.TestDispatcherServlet - Completed initialization in 0 ms
2026-09-03 22:12:21.217 [] INFO  p.e.u.b.f.c.TransaccionFinancieraControllerTest - Started TransaccionFinancieraControllerTest in 0.135 seconds (process running for 9.247)
2026-09-03 22:12:21.278 [] INFO  o.s.t.c.s.AnnotationConfigContextLoaderUtils - Could not detect default configuration classes for test class [pe.edu.upeu.bomerp.finanzas.service.RendicionCajaChicaServiceTest]: RendicionCajaChicaServiceTest does not declare any static, non-private, non-final, nested classes annotated with @Configuration.
2026-09-03 22:12:21.289 [] INFO  o.s.b.t.c.SpringBootTestContextBootstrapper - Found @SpringBootConfiguration pe.edu.upeu.bomerp.BomerpBackendApplication for test class pe.edu.upeu.bomerp.finanzas.service.RendicionCajaChicaServiceTest
2026-09-03 22:12:21.290 [] INFO  o.s.t.c.s.AnnotationConfigContextLoaderUtils - Could not detect default configuration classes for test class [pe.edu.upeu.bomerp.finanzas.service.RendicionCajaChicaServiceTest]: RendicionCajaChicaServiceTest does not declare any static, non-private, non-final, nested classes annotated with @Configuration.
2026-09-03 22:12:21.290 [] INFO  o.s.b.t.c.SpringBootTestContextBootstrapper - Found @SpringBootConfiguration pe.edu.upeu.bomerp.BomerpBackendApplication for test class pe.edu.upeu.bomerp.finanzas.service.RendicionCajaChicaServiceTest
2026-09-03 22:12:21.293 [] INFO  o.s.t.c.s.AnnotationConfigContextLoaderUtils - Could not detect default configuration classes for test class [pe.edu.upeu.bomerp.finanzas.service.RendicionCajaChicaServiceTest$TransaccionAtomicaTests]: TransaccionAtomicaTests does not declare any static, non-private, non-final, nested classes annotated with @Configuration.
2026-09-03 22:12:21.295 [] INFO  o.s.b.t.c.SpringBootTestContextBootstrapper - Found @SpringBootConfiguration pe.edu.upeu.bomerp.BomerpBackendApplication for test class pe.edu.upeu.bomerp.finanzas.service.RendicionCajaChicaServiceTest$TransaccionAtomicaTests
2026-09-03 22:12:21.296 [] INFO  o.s.t.c.s.AnnotationConfigContextLoaderUtils - Could not detect default configuration classes for test class [pe.edu.upeu.bomerp.finanzas.service.RendicionCajaChicaServiceTest$TransaccionAtomicaTests]: TransaccionAtomicaTests does not declare any static, non-private, non-final, nested classes annotated with @Configuration.
2026-09-03 22:12:21.296 [] INFO  o.s.t.c.s.AnnotationConfigContextLoaderUtils - Could not detect default configuration classes for test class [pe.edu.upeu.bomerp.finanzas.service.RendicionCajaChicaServiceTest]: RendicionCajaChicaServiceTest does not declare any static, non-private, non-final, nested classes annotated with @Configuration.
2026-09-03 22:12:21.297 [] INFO  o.s.b.t.c.SpringBootTestContextBootstrapper - Found @SpringBootConfiguration pe.edu.upeu.bomerp.BomerpBackendApplication for test class pe.edu.upeu.bomerp.finanzas.service.RendicionCajaChicaServiceTest$TransaccionAtomicaTests
2026-09-03 22:12:21.300 [] INFO  o.s.b.d.r.RestartApplicationListener - Restart disabled due to context in which it is running
2026-09-03 22:12:21.318 [] INFO  p.e.u.b.f.s.RendicionCajaChicaServiceTest$TransaccionAtomicaTests - Starting RendicionCajaChicaServiceTest.TransaccionAtomicaTests using Java 24.0.2 with PID 4192 (started by PC in E:\repoprofe\bomerp-backend)
2026-09-03 22:12:21.318 [] DEBUG p.e.u.b.f.s.RendicionCajaChicaServiceTest$TransaccionAtomicaTests - Running with Spring Boot v4.0.7, Spring v7.0.8
2026-09-03 22:12:21.318 [] INFO  p.e.u.b.f.s.RendicionCajaChicaServiceTest$TransaccionAtomicaTests - The following 1 profile is active: "h2"
2026-09-03 22:12:21.473 [] INFO  o.s.d.r.c.RepositoryConfigurationDelegate - Bootstrapping Spring Data JPA repositories in DEFAULT mode.
2026-09-03 22:12:21.490 [] INFO  o.s.d.r.c.RepositoryConfigurationDelegate - Finished Spring Data repository scanning in 15 ms. Found 7 JPA repository interfaces.
2026-09-03 22:12:21.569 [] INFO  org.hibernate.orm.jpa - HHH008540: Processing PersistenceUnitInfo [name: default]
2026-09-03 22:12:21.592 [] INFO  o.s.o.j.p.SpringPersistenceUnitInfo - No LoadTimeWeaver setup: ignoring JPA class transformer
2026-09-03 22:12:21.594 [] INFO  com.zaxxer.hikari.HikariDataSource - HikariPool-2 - Starting...
2026-09-03 22:12:21.595 [] INFO  com.zaxxer.hikari.pool.HikariPool - HikariPool-2 - Added connection conn10: url=jdbc:h2:mem:bomerp_db user=SA
2026-09-03 22:12:21.595 [] INFO  com.zaxxer.hikari.HikariDataSource - HikariPool-2 - Start completed.
2026-09-03 22:12:21.595 [] INFO  o.hibernate.orm.connections.pooling - HHH10001005: Database info:
	Database JDBC URL [jdbc:h2:mem:bomerp_db]
	Database driver: H2 JDBC Driver
	Database dialect: H2Dialect
	Database version: 2.4.240
	Default catalog/schema: BOMERP_DB/PUBLIC
	Autocommit mode: undefined/unknown
	Isolation level: READ_COMMITTED [default READ_COMMITTED]
	JDBC fetch size: 100
	Pool: DataSourceConnectionProvider
	Minimum pool size: undefined/unknown
	Maximum pool size: undefined/unknown
2026-09-03 22:12:21.639 [] INFO  org.hibernate.orm.core - HHH000489: No JTA platform available (set 'hibernate.transaction.jta.platform' to enable JTA platform integration)
2026-09-03 22:12:21.653 [] INFO  o.s.o.j.LocalContainerEntityManagerFactoryBean - Initialized JPA EntityManagerFactory for persistence unit 'default'
2026-09-03 22:12:21.819 [] INFO  o.s.b.a.e.web.EndpointLinksResolver - Exposing 3 endpoints beneath base path '/actuator'
2026-09-03 22:12:21.827 [] INFO  o.s.s.config.TaskSchedulerRouter - No TaskScheduler/ScheduledExecutorService bean found for scheduled processing
2026-09-03 22:12:21.828 [] INFO  p.e.u.b.f.s.RendicionCajaChicaServiceTest$TransaccionAtomicaTests - Started RendicionCajaChicaServiceTest.TransaccionAtomicaTests in 0.529 seconds (process running for 9.857)
2026-09-03 22:12:21.834 [] WARN  o.s.c.events.SpringDocAppInitializer - SpringDoc /v3/api-docs endpoint is enabled by default. To disable it in production, set the property 'springdoc.api-docs.enabled=false'
2026-09-03 22:12:21.834 [] WARN  o.s.c.events.SpringDocAppInitializer - SpringDoc /swagger-ui.html endpoint is enabled by default. To disable it in production, set the property 'springdoc.swagger-ui.enabled=false'
2026-09-03 22:12:21.869 [] INFO  o.s.t.c.s.AnnotationConfigContextLoaderUtils - Could not detect default configuration classes for test class [pe.edu.upeu.bomerp.finanzas.service.RendicionCajaChicaServiceTest$CalculoTotalesTests]: CalculoTotalesTests does not declare any static, non-private, non-final, nested classes annotated with @Configuration.
2026-09-03 22:12:21.870 [] INFO  o.s.b.t.c.SpringBootTestContextBootstrapper - Found @SpringBootConfiguration pe.edu.upeu.bomerp.BomerpBackendApplication for test class pe.edu.upeu.bomerp.finanzas.service.RendicionCajaChicaServiceTest$CalculoTotalesTests
2026-09-03 22:12:21.871 [] INFO  o.s.t.c.s.AnnotationConfigContextLoaderUtils - Could not detect default configuration classes for test class [pe.edu.upeu.bomerp.finanzas.service.RendicionCajaChicaServiceTest$CalculoTotalesTests]: CalculoTotalesTests does not declare any static, non-private, non-final, nested classes annotated with @Configuration.
2026-09-03 22:12:21.871 [] INFO  o.s.t.c.s.AnnotationConfigContextLoaderUtils - Could not detect default configuration classes for test class [pe.edu.upeu.bomerp.finanzas.service.RendicionCajaChicaServiceTest]: RendicionCajaChicaServiceTest does not declare any static, non-private, non-final, nested classes annotated with @Configuration.
2026-09-03 22:12:21.872 [] INFO  o.s.b.t.c.SpringBootTestContextBootstrapper - Found @SpringBootConfiguration pe.edu.upeu.bomerp.BomerpBackendApplication for test class pe.edu.upeu.bomerp.finanzas.service.RendicionCajaChicaServiceTest$CalculoTotalesTests
2026-09-03 22:12:21.891 [] INFO  o.s.t.c.s.AnnotationConfigContextLoaderUtils - Could not detect default configuration classes for test class [pe.edu.upeu.bomerp.finanzas.service.RendicionCajaChicaServiceTest$ReglaSolvenciaTests]: ReglaSolvenciaTests does not declare any static, non-private, non-final, nested classes annotated with @Configuration.
2026-09-03 22:12:21.893 [] INFO  o.s.b.t.c.SpringBootTestContextBootstrapper - Found @SpringBootConfiguration pe.edu.upeu.bomerp.BomerpBackendApplication for test class pe.edu.upeu.bomerp.finanzas.service.RendicionCajaChicaServiceTest$ReglaSolvenciaTests
2026-09-03 22:12:21.894 [] INFO  o.s.t.c.s.AnnotationConfigContextLoaderUtils - Could not detect default configuration classes for test class [pe.edu.upeu.bomerp.finanzas.service.RendicionCajaChicaServiceTest$ReglaSolvenciaTests]: ReglaSolvenciaTests does not declare any static, non-private, non-final, nested classes annotated with @Configuration.
2026-09-03 22:12:21.895 [] INFO  o.s.t.c.s.AnnotationConfigContextLoaderUtils - Could not detect default configuration classes for test class [pe.edu.upeu.bomerp.finanzas.service.RendicionCajaChicaServiceTest]: RendicionCajaChicaServiceTest does not declare any static, non-private, non-final, nested classes annotated with @Configuration.
2026-09-03 22:12:21.896 [] INFO  o.s.b.t.c.SpringBootTestContextBootstrapper - Found @SpringBootConfiguration pe.edu.upeu.bomerp.BomerpBackendApplication for test class pe.edu.upeu.bomerp.finanzas.service.RendicionCajaChicaServiceTest$ReglaSolvenciaTests
2026-09-03 22:12:22.165 [] INFO  o.s.o.j.LocalContainerEntityManagerFactoryBean - Closing JPA EntityManagerFactory for persistence unit 'default'
2026-09-03 22:12:22.171 [] INFO  com.zaxxer.hikari.HikariDataSource - HikariPool-1 - Shutdown initiated...
2026-09-03 22:12:22.173 [] INFO  com.zaxxer.hikari.HikariDataSource - HikariPool-1 - Shutdown completed.
2026-09-03 22:12:22.176 [] INFO  o.s.o.j.LocalContainerEntityManagerFactoryBean - Closing JPA EntityManagerFactory for persistence unit 'default'
2026-09-03 22:12:22.177 [] INFO  com.zaxxer.hikari.HikariDataSource - HikariPool-2 - Shutdown initiated...
2026-09-03 22:12:22.178 [] INFO  com.zaxxer.hikari.HikariDataSource - HikariPool-2 - Shutdown completed.
2026-09-03 22:12:23.222 [] INFO  o.s.b.d.a.LocalDevToolsAutoConfiguration$RestartingClassPathChangeChangedEventListener - Restarting due to 1 class path change (1 addition, 0 deletions, 0 modifications)
2026-09-03 22:12:23.223 [] INFO  o.s.boot.tomcat.GracefulShutdown - Commencing graceful shutdown. Waiting for active requests to complete
2026-09-03 22:12:23.225 [] INFO  o.s.boot.tomcat.GracefulShutdown - Graceful shutdown complete
2026-09-03 22:12:23.227 [] INFO  o.s.o.j.LocalContainerEntityManagerFactoryBean - Closing JPA EntityManagerFactory for persistence unit 'default'
2026-09-03 22:12:23.229 [] WARN  o.s.b.f.s.DisposableBeanAdapter - Invocation of destroy method failed on bean with name 'inMemoryDatabaseShutdownExecutor': org.h2.jdbc.JdbcSQLNonTransientConnectionException: La base de datos ya esta cerrada (para des-habilitar el cerrado automatico durante el shutdown de la VM, agregue ";DB_CLOSE_ON_EXIT=FALSE" a la URL de conexión)
Database is already closed (to disable automatic closing at VM shutdown, add ";DB_CLOSE_ON_EXIT=FALSE" to the db URL) [90121-240]
2026-09-03 22:12:23.229 [] INFO  com.zaxxer.hikari.HikariDataSource - HikariPool-4 - Shutdown initiated...
2026-09-03 22:12:23.229 [] INFO  com.zaxxer.hikari.HikariDataSource - HikariPool-4 - Shutdown completed.
2026-09-03 22:12:23.301 [] INFO  p.e.u.b.BomerpBackendApplication - Starting BomerpBackendApplication using Java 24.0.2 with PID 32584 (E:\repoprofe\bomerp-backend\target\classes started by PC in E:\repoprofe\bomerp-backend)
2026-09-03 22:12:23.301 [] DEBUG p.e.u.b.BomerpBackendApplication - Running with Spring Boot v4.0.7, Spring v7.0.8
2026-09-03 22:12:23.301 [] INFO  p.e.u.b.BomerpBackendApplication - The following 1 profile is active: "h2"
2026-09-03 22:12:23.453 [] INFO  o.s.d.r.c.RepositoryConfigurationDelegate - Bootstrapping Spring Data JPA repositories in DEFAULT mode.
2026-09-03 22:12:23.475 [] INFO  o.s.d.r.c.RepositoryConfigurationDelegate - Finished Spring Data repository scanning in 20 ms. Found 7 JPA repository interfaces.
2026-09-03 22:12:23.540 [] INFO  o.s.boot.tomcat.TomcatWebServer - Tomcat initialized with port 8080 (http)
2026-09-03 22:12:23.541 [] INFO  o.a.catalina.core.StandardService - Starting service [Tomcat]
2026-09-03 22:12:23.541 [] INFO  o.a.catalina.core.StandardEngine - Starting Servlet engine: [Apache Tomcat/11.0.22]
2026-09-03 22:12:23.553 [] INFO  o.s.b.w.c.s.WebApplicationContextInitializer - Root WebApplicationContext: initialization completed in 250 ms
2026-09-03 22:12:23.571 [] DEBUG p.e.u.b.filter.CorrelationIdFilter - Filter 'correlationIdFilter' configured for use
2026-09-03 22:12:23.594 [] INFO  org.hibernate.orm.jpa - HHH008540: Processing PersistenceUnitInfo [name: default]
2026-09-03 22:12:23.608 [] INFO  o.s.o.j.p.SpringPersistenceUnitInfo - No LoadTimeWeaver setup: ignoring JPA class transformer
2026-09-03 22:12:23.608 [] INFO  com.zaxxer.hikari.HikariDataSource - HikariPool-5 - Starting...
2026-09-03 22:12:23.610 [] INFO  com.zaxxer.hikari.pool.HikariPool - HikariPool-5 - Added connection conn26: url=jdbc:h2:mem:bomerp_db user=SA
2026-09-03 22:12:23.611 [] INFO  com.zaxxer.hikari.HikariDataSource - HikariPool-5 - Start completed.
2026-09-03 22:12:23.611 [] INFO  o.hibernate.orm.connections.pooling - HHH10001005: Database info:
	Database JDBC URL [jdbc:h2:mem:bomerp_db]
	Database driver: H2 JDBC Driver
	Database dialect: H2Dialect
	Database version: 2.4.240
	Default catalog/schema: BOMERP_DB/PUBLIC
	Autocommit mode: undefined/unknown
	Isolation level: READ_COMMITTED [default READ_COMMITTED]
	JDBC fetch size: 100
	Pool: DataSourceConnectionProvider
	Minimum pool size: undefined/unknown
	Maximum pool size: undefined/unknown
2026-09-03 22:12:23.674 [] INFO  org.hibernate.orm.core - HHH000489: No JTA platform available (set 'hibernate.transaction.jta.platform' to enable JTA platform integration)
2026-09-03 22:12:23.682 [] INFO  o.s.o.j.LocalContainerEntityManagerFactoryBean - Initialized JPA EntityManagerFactory for persistence unit 'default'
2026-09-03 22:12:23.889 [] INFO  o.s.b.a.e.web.EndpointLinksResolver - Exposing 3 endpoints beneath base path '/actuator'
2026-09-03 22:12:23.899 [] INFO  o.s.boot.tomcat.TomcatWebServer - Tomcat started on port 8080 (http) with context path '/'
2026-09-03 22:12:23.901 [] INFO  o.s.s.config.TaskSchedulerRouter - No TaskScheduler/ScheduledExecutorService bean found for scheduled processing
2026-09-03 22:12:23.902 [] INFO  p.e.u.b.BomerpBackendApplication - Started BomerpBackendApplication in 0.618 seconds (process running for 263.024)
2026-09-03 22:12:23.929 [] WARN  o.s.c.events.SpringDocAppInitializer - SpringDoc /v3/api-docs endpoint is enabled by default. To disable it in production, set the property 'springdoc.api-docs.enabled=false'
2026-09-03 22:12:23.929 [] WARN  o.s.c.events.SpringDocAppInitializer - SpringDoc /swagger-ui.html endpoint is enabled by default. To disable it in production, set the property 'springdoc.swagger-ui.enabled=false'
2026-09-03 22:12:23.930 [] INFO  o.s.b.d.a.ConditionEvaluationDeltaLoggingListener - Condition evaluation unchanged
2026-09-03 22:13:16.674 [] INFO  p.e.u.b.BomerpBackendApplicationTests - Starting BomerpBackendApplicationTests using Java 24.0.2 with PID 22504 (started by PC in E:\repoprofe\bomerp-backend)
2026-09-03 22:13:16.675 [] DEBUG p.e.u.b.BomerpBackendApplicationTests - Running with Spring Boot v4.0.7, Spring v7.0.8
2026-09-03 22:13:16.675 [] INFO  p.e.u.b.BomerpBackendApplicationTests - The following 1 profile is active: "h2"
2026-09-03 22:13:17.508 [] INFO  o.s.d.r.c.RepositoryConfigurationDelegate - Bootstrapping Spring Data JPA repositories in DEFAULT mode.
2026-09-03 22:13:17.579 [] INFO  o.s.d.r.c.RepositoryConfigurationDelegate - Finished Spring Data repository scanning in 60 ms. Found 7 JPA repository interfaces.
2026-09-03 22:13:18.014 [] INFO  org.hibernate.orm.jpa - HHH008540: Processing PersistenceUnitInfo [name: default]
2026-09-03 22:13:18.066 [] INFO  org.hibernate.orm.core - HHH000001: Hibernate ORM core version 7.2.19.Final
2026-09-03 22:13:18.420 [] INFO  o.s.o.j.p.SpringPersistenceUnitInfo - No LoadTimeWeaver setup: ignoring JPA class transformer
2026-09-03 22:13:18.442 [] INFO  com.zaxxer.hikari.HikariDataSource - HikariPool-1 - Starting...
2026-09-03 22:13:18.671 [] INFO  com.zaxxer.hikari.pool.HikariPool - HikariPool-1 - Added connection conn0: url=jdbc:h2:mem:bomerp_db user=SA
2026-09-03 22:13:18.672 [] INFO  com.zaxxer.hikari.HikariDataSource - HikariPool-1 - Start completed.
2026-09-03 22:13:18.726 [] INFO  o.hibernate.orm.connections.pooling - HHH10001005: Database info:
	Database JDBC URL [jdbc:h2:mem:bomerp_db]
	Database driver: H2 JDBC Driver
	Database dialect: H2Dialect
	Database version: 2.4.240
	Default catalog/schema: BOMERP_DB/PUBLIC
	Autocommit mode: undefined/unknown
	Isolation level: READ_COMMITTED [default READ_COMMITTED]
	JDBC fetch size: 100
	Pool: DataSourceConnectionProvider
	Minimum pool size: undefined/unknown
	Maximum pool size: undefined/unknown
2026-09-03 22:13:19.468 [] INFO  org.hibernate.orm.core - HHH000489: No JTA platform available (set 'hibernate.transaction.jta.platform' to enable JTA platform integration)
2026-09-03 22:13:19.516 [] INFO  o.s.o.j.LocalContainerEntityManagerFactoryBean - Initialized JPA EntityManagerFactory for persistence unit 'default'
2026-09-03 22:13:19.596 [] INFO  o.s.d.j.r.q.QueryEnhancerFactories - Hibernate is in classpath; If applicable, HQL parser will be used.
2026-09-03 22:13:20.682 [] INFO  o.s.b.a.e.web.EndpointLinksResolver - Exposing 3 endpoints beneath base path '/actuator'
2026-09-03 22:13:20.778 [] INFO  o.s.s.config.TaskSchedulerRouter - No TaskScheduler/ScheduledExecutorService bean found for scheduled processing
2026-09-03 22:13:20.788 [] INFO  p.e.u.b.BomerpBackendApplicationTests - Started BomerpBackendApplicationTests in 4.499 seconds (process running for 5.498)
2026-09-03 22:13:21.199 [] WARN  o.s.c.events.SpringDocAppInitializer - SpringDoc /v3/api-docs endpoint is enabled by default. To disable it in production, set the property 'springdoc.api-docs.enabled=false'
2026-09-03 22:13:21.199 [] WARN  o.s.c.events.SpringDocAppInitializer - SpringDoc /swagger-ui.html endpoint is enabled by default. To disable it in production, set the property 'springdoc.swagger-ui.enabled=false'
2026-09-03 22:13:21.477 [] INFO  o.s.t.c.s.AnnotationConfigContextLoaderUtils - Could not detect default configuration classes for test class [pe.edu.upeu.bomerp.catalogo.categoria.controller.CategoriaControllerTest]: CategoriaControllerTest does not declare any static, non-private, non-final, nested classes annotated with @Configuration.
2026-09-03 22:13:21.510 [] INFO  o.s.b.t.c.SpringBootTestContextBootstrapper - Found @SpringBootConfiguration pe.edu.upeu.bomerp.BomerpBackendApplication for test class pe.edu.upeu.bomerp.catalogo.categoria.controller.CategoriaControllerTest
2026-09-03 22:13:21.511 [] INFO  o.s.t.c.s.AnnotationConfigContextLoaderUtils - Could not detect default configuration classes for test class [pe.edu.upeu.bomerp.catalogo.categoria.controller.CategoriaControllerTest]: CategoriaControllerTest does not declare any static, non-private, non-final, nested classes annotated with @Configuration.
2026-09-03 22:13:21.516 [] INFO  o.s.b.t.c.SpringBootTestContextBootstrapper - Found @SpringBootConfiguration pe.edu.upeu.bomerp.BomerpBackendApplication for test class pe.edu.upeu.bomerp.catalogo.categoria.controller.CategoriaControllerTest
2026-09-03 22:13:21.521 [] INFO  o.s.b.d.r.RestartApplicationListener - Restart disabled due to context in which it is running
2026-09-03 22:13:21.557 [] INFO  p.e.u.b.c.c.c.CategoriaControllerTest - Starting CategoriaControllerTest using Java 24.0.2 with PID 22504 (started by PC in E:\repoprofe\bomerp-backend)
2026-09-03 22:13:21.557 [] DEBUG p.e.u.b.c.c.c.CategoriaControllerTest - Running with Spring Boot v4.0.7, Spring v7.0.8
2026-09-03 22:13:21.558 [] INFO  p.e.u.b.c.c.c.CategoriaControllerTest - The following 1 profile is active: "h2"
2026-09-03 22:13:21.857 [] DEBUG p.e.u.b.filter.CorrelationIdFilter - Filter 'correlationIdFilter' configured for use
2026-09-03 22:13:21.858 [] INFO  o.s.b.t.m.w.SpringBootMockServletContext - Initializing Spring TestDispatcherServlet ''
2026-09-03 22:13:21.858 [] INFO  o.s.t.w.s.TestDispatcherServlet - Initializing Servlet ''
2026-09-03 22:13:21.859 [] INFO  o.s.t.w.s.TestDispatcherServlet - Completed initialization in 1 ms
2026-09-03 22:13:21.868 [] INFO  p.e.u.b.c.c.c.CategoriaControllerTest - Started CategoriaControllerTest in 0.347 seconds (process running for 6.578)
2026-09-03 22:13:22.185 [] INFO  o.s.t.c.s.AnnotationConfigContextLoaderUtils - Could not detect default configuration classes for test class [pe.edu.upeu.bomerp.catalogo.producto.controller.ProductoControllerTest]: ProductoControllerTest does not declare any static, non-private, non-final, nested classes annotated with @Configuration.
2026-09-03 22:13:22.203 [] INFO  o.s.b.t.c.SpringBootTestContextBootstrapper - Found @SpringBootConfiguration pe.edu.upeu.bomerp.BomerpBackendApplication for test class pe.edu.upeu.bomerp.catalogo.producto.controller.ProductoControllerTest
2026-09-03 22:13:22.203 [] INFO  o.s.t.c.s.AnnotationConfigContextLoaderUtils - Could not detect default configuration classes for test class [pe.edu.upeu.bomerp.catalogo.producto.controller.ProductoControllerTest]: ProductoControllerTest does not declare any static, non-private, non-final, nested classes annotated with @Configuration.
2026-09-03 22:13:22.208 [] INFO  o.s.b.t.c.SpringBootTestContextBootstrapper - Found @SpringBootConfiguration pe.edu.upeu.bomerp.BomerpBackendApplication for test class pe.edu.upeu.bomerp.catalogo.producto.controller.ProductoControllerTest
2026-09-03 22:13:22.210 [] INFO  o.s.b.d.r.RestartApplicationListener - Restart disabled due to context in which it is running
2026-09-03 22:13:22.231 [] INFO  p.e.u.b.c.p.c.ProductoControllerTest - Starting ProductoControllerTest using Java 24.0.2 with PID 22504 (started by PC in E:\repoprofe\bomerp-backend)
2026-09-03 22:13:22.231 [] DEBUG p.e.u.b.c.p.c.ProductoControllerTest - Running with Spring Boot v4.0.7, Spring v7.0.8
2026-09-03 22:13:22.231 [] INFO  p.e.u.b.c.p.c.ProductoControllerTest - The following 1 profile is active: "h2"
2026-09-03 22:13:22.372 [] DEBUG p.e.u.b.filter.CorrelationIdFilter - Filter 'correlationIdFilter' configured for use
2026-09-03 22:13:22.373 [] INFO  o.s.b.t.m.w.SpringBootMockServletContext - Initializing Spring TestDispatcherServlet ''
2026-09-03 22:13:22.373 [] INFO  o.s.t.w.s.TestDispatcherServlet - Initializing Servlet ''
2026-09-03 22:13:22.373 [] INFO  o.s.t.w.s.TestDispatcherServlet - Completed initialization in 0 ms
2026-09-03 22:13:22.377 [] INFO  p.e.u.b.c.p.c.ProductoControllerTest - Started ProductoControllerTest in 0.167 seconds (process running for 7.087)
2026-09-03 22:13:22.445 [] INFO  o.s.t.c.s.AnnotationConfigContextLoaderUtils - Could not detect default configuration classes for test class [pe.edu.upeu.bomerp.finanzas.controller.CategoriaFinancieraControllerTest]: CategoriaFinancieraControllerTest does not declare any static, non-private, non-final, nested classes annotated with @Configuration.
2026-09-03 22:13:22.461 [] INFO  o.s.b.t.c.SpringBootTestContextBootstrapper - Found @SpringBootConfiguration pe.edu.upeu.bomerp.BomerpBackendApplication for test class pe.edu.upeu.bomerp.finanzas.controller.CategoriaFinancieraControllerTest
2026-09-03 22:13:22.462 [] INFO  o.s.t.c.s.AnnotationConfigContextLoaderUtils - Could not detect default configuration classes for test class [pe.edu.upeu.bomerp.finanzas.controller.CategoriaFinancieraControllerTest]: CategoriaFinancieraControllerTest does not declare any static, non-private, non-final, nested classes annotated with @Configuration.
2026-09-03 22:13:22.464 [] INFO  o.s.b.t.c.SpringBootTestContextBootstrapper - Found @SpringBootConfiguration pe.edu.upeu.bomerp.BomerpBackendApplication for test class pe.edu.upeu.bomerp.finanzas.controller.CategoriaFinancieraControllerTest
2026-09-03 22:13:22.466 [] INFO  o.s.b.d.r.RestartApplicationListener - Restart disabled due to context in which it is running
2026-09-03 22:13:22.485 [] INFO  p.e.u.b.f.c.CategoriaFinancieraControllerTest - Starting CategoriaFinancieraControllerTest using Java 24.0.2 with PID 22504 (started by PC in E:\repoprofe\bomerp-backend)
2026-09-03 22:13:22.485 [] DEBUG p.e.u.b.f.c.CategoriaFinancieraControllerTest - Running with Spring Boot v4.0.7, Spring v7.0.8
2026-09-03 22:13:22.485 [] INFO  p.e.u.b.f.c.CategoriaFinancieraControllerTest - The following 1 profile is active: "h2"
2026-09-03 22:13:22.673 [] DEBUG p.e.u.b.filter.CorrelationIdFilter - Filter 'correlationIdFilter' configured for use
2026-09-03 22:13:22.673 [] INFO  o.s.b.t.m.w.SpringBootMockServletContext - Initializing Spring TestDispatcherServlet ''
2026-09-03 22:13:22.673 [] INFO  o.s.t.w.s.TestDispatcherServlet - Initializing Servlet ''
2026-09-03 22:13:22.674 [] INFO  o.s.t.w.s.TestDispatcherServlet - Completed initialization in 1 ms
2026-09-03 22:13:22.677 [] INFO  p.e.u.b.f.c.CategoriaFinancieraControllerTest - Started CategoriaFinancieraControllerTest in 0.211 seconds (process running for 7.387)
2026-09-03 22:13:22.718 [] INFO  o.s.t.c.s.AnnotationConfigContextLoaderUtils - Could not detect default configuration classes for test class [pe.edu.upeu.bomerp.finanzas.controller.RendicionCajaChicaControllerTest]: RendicionCajaChicaControllerTest does not declare any static, non-private, non-final, nested classes annotated with @Configuration.
2026-09-03 22:13:22.723 [] INFO  o.s.b.t.c.SpringBootTestContextBootstrapper - Found @SpringBootConfiguration pe.edu.upeu.bomerp.BomerpBackendApplication for test class pe.edu.upeu.bomerp.finanzas.controller.RendicionCajaChicaControllerTest
2026-09-03 22:13:22.724 [] INFO  o.s.t.c.s.AnnotationConfigContextLoaderUtils - Could not detect default configuration classes for test class [pe.edu.upeu.bomerp.finanzas.controller.RendicionCajaChicaControllerTest]: RendicionCajaChicaControllerTest does not declare any static, non-private, non-final, nested classes annotated with @Configuration.
2026-09-03 22:13:22.728 [] INFO  o.s.b.t.c.SpringBootTestContextBootstrapper - Found @SpringBootConfiguration pe.edu.upeu.bomerp.BomerpBackendApplication for test class pe.edu.upeu.bomerp.finanzas.controller.RendicionCajaChicaControllerTest
2026-09-03 22:13:22.732 [] INFO  o.s.b.d.r.RestartApplicationListener - Restart disabled due to context in which it is running
2026-09-03 22:13:22.753 [] INFO  p.e.u.b.f.c.RendicionCajaChicaControllerTest - Starting RendicionCajaChicaControllerTest using Java 24.0.2 with PID 22504 (started by PC in E:\repoprofe\bomerp-backend)
2026-09-03 22:13:22.753 [] DEBUG p.e.u.b.f.c.RendicionCajaChicaControllerTest - Running with Spring Boot v4.0.7, Spring v7.0.8
2026-09-03 22:13:22.754 [] INFO  p.e.u.b.f.c.RendicionCajaChicaControllerTest - The following 1 profile is active: "h2"
2026-09-03 22:13:22.907 [] DEBUG p.e.u.b.filter.CorrelationIdFilter - Filter 'correlationIdFilter' configured for use
2026-09-03 22:13:22.907 [] INFO  o.s.b.t.m.w.SpringBootMockServletContext - Initializing Spring TestDispatcherServlet ''
2026-09-03 22:13:22.907 [] INFO  o.s.t.w.s.TestDispatcherServlet - Initializing Servlet ''
2026-09-03 22:13:22.907 [] INFO  o.s.t.w.s.TestDispatcherServlet - Completed initialization in 0 ms
2026-09-03 22:13:22.910 [] INFO  p.e.u.b.f.c.RendicionCajaChicaControllerTest - Started RendicionCajaChicaControllerTest in 0.178 seconds (process running for 7.62)
2026-09-03 22:13:22.981 [] INFO  o.s.t.c.s.AnnotationConfigContextLoaderUtils - Could not detect default configuration classes for test class [pe.edu.upeu.bomerp.finanzas.controller.TransaccionFinancieraControllerTest]: TransaccionFinancieraControllerTest does not declare any static, non-private, non-final, nested classes annotated with @Configuration.
2026-09-03 22:13:22.985 [] INFO  o.s.b.t.c.SpringBootTestContextBootstrapper - Found @SpringBootConfiguration pe.edu.upeu.bomerp.BomerpBackendApplication for test class pe.edu.upeu.bomerp.finanzas.controller.TransaccionFinancieraControllerTest
2026-09-03 22:13:22.986 [] INFO  o.s.t.c.s.AnnotationConfigContextLoaderUtils - Could not detect default configuration classes for test class [pe.edu.upeu.bomerp.finanzas.controller.TransaccionFinancieraControllerTest]: TransaccionFinancieraControllerTest does not declare any static, non-private, non-final, nested classes annotated with @Configuration.
2026-09-03 22:13:22.990 [] INFO  o.s.b.t.c.SpringBootTestContextBootstrapper - Found @SpringBootConfiguration pe.edu.upeu.bomerp.BomerpBackendApplication for test class pe.edu.upeu.bomerp.finanzas.controller.TransaccionFinancieraControllerTest
2026-09-03 22:13:22.993 [] INFO  o.s.b.d.r.RestartApplicationListener - Restart disabled due to context in which it is running
2026-09-03 22:13:23.016 [] INFO  p.e.u.b.f.c.TransaccionFinancieraControllerTest - Starting TransaccionFinancieraControllerTest using Java 24.0.2 with PID 22504 (started by PC in E:\repoprofe\bomerp-backend)
2026-09-03 22:13:23.016 [] DEBUG p.e.u.b.f.c.TransaccionFinancieraControllerTest - Running with Spring Boot v4.0.7, Spring v7.0.8
2026-09-03 22:13:23.016 [] INFO  p.e.u.b.f.c.TransaccionFinancieraControllerTest - The following 1 profile is active: "h2"
2026-09-03 22:13:23.162 [] DEBUG p.e.u.b.filter.CorrelationIdFilter - Filter 'correlationIdFilter' configured for use
2026-09-03 22:13:23.162 [] INFO  o.s.b.t.m.w.SpringBootMockServletContext - Initializing Spring TestDispatcherServlet ''
2026-09-03 22:13:23.162 [] INFO  o.s.t.w.s.TestDispatcherServlet - Initializing Servlet ''
2026-09-03 22:13:23.163 [] INFO  o.s.t.w.s.TestDispatcherServlet - Completed initialization in 0 ms
2026-09-03 22:13:23.167 [] INFO  p.e.u.b.f.c.TransaccionFinancieraControllerTest - Started TransaccionFinancieraControllerTest in 0.174 seconds (process running for 7.877)
2026-09-03 22:13:23.284 [] INFO  c.tngtech.archunit.core.PluginLoader - Detected Java version 24.0.2
2026-09-03 22:13:24.525 [] INFO  o.s.o.j.LocalContainerEntityManagerFactoryBean - Closing JPA EntityManagerFactory for persistence unit 'default'
2026-09-03 22:13:24.531 [] INFO  com.zaxxer.hikari.HikariDataSource - HikariPool-1 - Shutdown initiated...
2026-09-03 22:13:24.533 [] INFO  com.zaxxer.hikari.HikariDataSource - HikariPool-1 - Shutdown completed.
2026-09-03 22:13:25.580 [] INFO  o.s.b.d.a.LocalDevToolsAutoConfiguration$RestartingClassPathChangeChangedEventListener - Restarting due to 1 class path change (0 additions, 0 deletions, 1 modification)
2026-09-03 22:13:25.581 [] INFO  o.s.boot.tomcat.GracefulShutdown - Commencing graceful shutdown. Waiting for active requests to complete
2026-09-03 22:13:25.584 [] INFO  o.s.boot.tomcat.GracefulShutdown - Graceful shutdown complete
2026-09-03 22:13:25.586 [] INFO  o.s.o.j.LocalContainerEntityManagerFactoryBean - Closing JPA EntityManagerFactory for persistence unit 'default'
2026-09-03 22:13:25.588 [] WARN  o.s.b.f.s.DisposableBeanAdapter - Invocation of destroy method failed on bean with name 'inMemoryDatabaseShutdownExecutor': org.h2.jdbc.JdbcSQLNonTransientConnectionException: La base de datos ya esta cerrada (para des-habilitar el cerrado automatico durante el shutdown de la VM, agregue ";DB_CLOSE_ON_EXIT=FALSE" a la URL de conexión)
Database is already closed (to disable automatic closing at VM shutdown, add ";DB_CLOSE_ON_EXIT=FALSE" to the db URL) [90121-240]
2026-09-03 22:13:25.588 [] INFO  com.zaxxer.hikari.HikariDataSource - HikariPool-5 - Shutdown initiated...
2026-09-03 22:13:25.593 [] INFO  com.zaxxer.hikari.HikariDataSource - HikariPool-5 - Shutdown completed.
2026-09-03 22:13:25.660 [] INFO  p.e.u.b.BomerpBackendApplication - Starting BomerpBackendApplication using Java 24.0.2 with PID 32584 (E:\repoprofe\bomerp-backend\target\classes started by PC in E:\repoprofe\bomerp-backend)
2026-09-03 22:13:25.660 [] DEBUG p.e.u.b.BomerpBackendApplication - Running with Spring Boot v4.0.7, Spring v7.0.8
2026-09-03 22:13:25.660 [] INFO  p.e.u.b.BomerpBackendApplication - The following 1 profile is active: "h2"
2026-09-03 22:13:25.805 [] INFO  o.s.d.r.c.RepositoryConfigurationDelegate - Bootstrapping Spring Data JPA repositories in DEFAULT mode.
2026-09-03 22:13:25.823 [] INFO  o.s.d.r.c.RepositoryConfigurationDelegate - Finished Spring Data repository scanning in 17 ms. Found 7 JPA repository interfaces.
2026-09-03 22:13:25.886 [] INFO  o.s.boot.tomcat.TomcatWebServer - Tomcat initialized with port 8080 (http)
2026-09-03 22:13:25.887 [] INFO  o.a.catalina.core.StandardService - Starting service [Tomcat]
2026-09-03 22:13:25.887 [] INFO  o.a.catalina.core.StandardEngine - Starting Servlet engine: [Apache Tomcat/11.0.22]
2026-09-03 22:13:25.899 [] INFO  o.s.b.w.c.s.WebApplicationContextInitializer - Root WebApplicationContext: initialization completed in 238 ms
2026-09-03 22:13:25.919 [] DEBUG p.e.u.b.filter.CorrelationIdFilter - Filter 'correlationIdFilter' configured for use
2026-09-03 22:13:25.940 [] INFO  org.hibernate.orm.jpa - HHH008540: Processing PersistenceUnitInfo [name: default]
2026-09-03 22:13:25.954 [] INFO  o.s.o.j.p.SpringPersistenceUnitInfo - No LoadTimeWeaver setup: ignoring JPA class transformer
2026-09-03 22:13:25.954 [] INFO  com.zaxxer.hikari.HikariDataSource - HikariPool-6 - Starting...
2026-09-03 22:13:25.956 [] INFO  com.zaxxer.hikari.pool.HikariPool - HikariPool-6 - Added connection conn36: url=jdbc:h2:mem:bomerp_db user=SA
2026-09-03 22:13:25.956 [] INFO  com.zaxxer.hikari.HikariDataSource - HikariPool-6 - Start completed.
2026-09-03 22:13:25.957 [] INFO  o.hibernate.orm.connections.pooling - HHH10001005: Database info:
	Database JDBC URL [jdbc:h2:mem:bomerp_db]
	Database driver: H2 JDBC Driver
	Database dialect: H2Dialect
	Database version: 2.4.240
	Default catalog/schema: BOMERP_DB/PUBLIC
	Autocommit mode: undefined/unknown
	Isolation level: READ_COMMITTED [default READ_COMMITTED]
	JDBC fetch size: 100
	Pool: DataSourceConnectionProvider
	Minimum pool size: undefined/unknown
	Maximum pool size: undefined/unknown
2026-09-03 22:13:26.010 [] INFO  org.hibernate.orm.core - HHH000489: No JTA platform available (set 'hibernate.transaction.jta.platform' to enable JTA platform integration)
2026-09-03 22:13:26.019 [] INFO  o.s.o.j.LocalContainerEntityManagerFactoryBean - Initialized JPA EntityManagerFactory for persistence unit 'default'
2026-09-03 22:13:26.195 [] INFO  o.s.b.a.e.web.EndpointLinksResolver - Exposing 3 endpoints beneath base path '/actuator'
2026-09-03 22:13:26.206 [] INFO  o.s.boot.tomcat.TomcatWebServer - Tomcat started on port 8080 (http) with context path '/'
2026-09-03 22:13:26.208 [] INFO  o.s.s.config.TaskSchedulerRouter - No TaskScheduler/ScheduledExecutorService bean found for scheduled processing
2026-09-03 22:13:26.209 [] INFO  p.e.u.b.BomerpBackendApplication - Started BomerpBackendApplication in 0.568 seconds (process running for 325.331)
2026-09-03 22:13:26.234 [] WARN  o.s.c.events.SpringDocAppInitializer - SpringDoc /v3/api-docs endpoint is enabled by default. To disable it in production, set the property 'springdoc.api-docs.enabled=false'
2026-09-03 22:13:26.234 [] WARN  o.s.c.events.SpringDocAppInitializer - SpringDoc /swagger-ui.html endpoint is enabled by default. To disable it in production, set the property 'springdoc.swagger-ui.enabled=false'
2026-09-03 22:13:26.234 [] INFO  o.s.b.d.a.ConditionEvaluationDeltaLoggingListener - Condition evaluation unchanged
2026-09-03 22:13:41.657 [] INFO  o.s.b.d.a.LocalDevToolsAutoConfiguration$RestartingClassPathChangeChangedEventListener - Restarting due to 92 class path changes (0 additions, 89 deletions, 3 modifications)
2026-09-03 22:13:41.659 [] INFO  o.s.boot.tomcat.GracefulShutdown - Commencing graceful shutdown. Waiting for active requests to complete
2026-09-03 22:13:41.662 [] INFO  o.s.boot.tomcat.GracefulShutdown - Graceful shutdown complete
2026-09-03 22:13:41.664 [] INFO  o.s.o.j.LocalContainerEntityManagerFactoryBean - Closing JPA EntityManagerFactory for persistence unit 'default'
2026-09-03 22:13:41.667 [] WARN  o.s.b.f.s.DisposableBeanAdapter - Invocation of destroy method failed on bean with name 'inMemoryDatabaseShutdownExecutor': org.h2.jdbc.JdbcSQLNonTransientConnectionException: La base de datos ya esta cerrada (para des-habilitar el cerrado automatico durante el shutdown de la VM, agregue ";DB_CLOSE_ON_EXIT=FALSE" a la URL de conexión)
Database is already closed (to disable automatic closing at VM shutdown, add ";DB_CLOSE_ON_EXIT=FALSE" to the db URL) [90121-240]
2026-09-03 22:13:41.667 [] INFO  com.zaxxer.hikari.HikariDataSource - HikariPool-6 - Shutdown initiated...
2026-09-03 22:13:41.669 [] INFO  com.zaxxer.hikari.HikariDataSource - HikariPool-6 - Shutdown completed.
2026-09-03 22:13:41.759 [] INFO  p.e.u.b.BomerpBackendApplication - Starting BomerpBackendApplication using Java 24.0.2 with PID 32584 (E:\repoprofe\bomerp-backend\target\classes started by PC in E:\repoprofe\bomerp-backend)
2026-09-03 22:13:41.759 [] DEBUG p.e.u.b.BomerpBackendApplication - Running with Spring Boot v4.0.7, Spring v7.0.8
2026-09-03 22:13:41.759 [] INFO  p.e.u.b.BomerpBackendApplication - The following 1 profile is active: "h2"
2026-09-03 22:13:41.890 [] INFO  o.s.d.r.c.RepositoryConfigurationDelegate - Bootstrapping Spring Data JPA repositories in DEFAULT mode.
2026-09-03 22:13:41.892 [] INFO  o.s.d.r.c.RepositoryConfigurationDelegate - Finished Spring Data repository scanning in 0 ms. Found 0 JPA repository interfaces.
2026-09-03 22:13:41.952 [] INFO  o.s.boot.tomcat.TomcatWebServer - Tomcat initialized with port 8080 (http)
2026-09-03 22:13:41.952 [] INFO  o.a.catalina.core.StandardService - Starting service [Tomcat]
2026-09-03 22:13:41.952 [] INFO  o.a.catalina.core.StandardEngine - Starting Servlet engine: [Apache Tomcat/11.0.22]
2026-09-03 22:13:41.970 [] INFO  o.s.b.w.c.s.WebApplicationContextInitializer - Root WebApplicationContext: initialization completed in 209 ms
2026-09-03 22:13:42.005 [] INFO  org.hibernate.orm.jpa - HHH008540: Processing PersistenceUnitInfo [name: default]
2026-09-03 22:13:42.021 [] INFO  o.s.o.j.p.SpringPersistenceUnitInfo - No LoadTimeWeaver setup: ignoring JPA class transformer
2026-09-03 22:13:42.021 [] INFO  com.zaxxer.hikari.HikariDataSource - HikariPool-7 - Starting...
2026-09-03 22:13:42.023 [] INFO  com.zaxxer.hikari.pool.HikariPool - HikariPool-7 - Added connection conn46: url=jdbc:h2:mem:bomerp_db user=SA
2026-09-03 22:13:42.023 [] INFO  com.zaxxer.hikari.HikariDataSource - HikariPool-7 - Start completed.
2026-09-03 22:13:42.024 [] INFO  o.hibernate.orm.connections.pooling - HHH10001005: Database info:
	Database JDBC URL [jdbc:h2:mem:bomerp_db]
	Database driver: H2 JDBC Driver
	Database dialect: H2Dialect
	Database version: 2.4.240
	Default catalog/schema: BOMERP_DB/PUBLIC
	Autocommit mode: undefined/unknown
	Isolation level: READ_COMMITTED [default READ_COMMITTED]
	JDBC fetch size: 100
	Pool: DataSourceConnectionProvider
	Minimum pool size: undefined/unknown
	Maximum pool size: undefined/unknown
2026-09-03 22:13:42.035 [] INFO  org.hibernate.orm.core - HHH000489: No JTA platform available (set 'hibernate.transaction.jta.platform' to enable JTA platform integration)
2026-09-03 22:13:42.036 [] INFO  o.s.o.j.LocalContainerEntityManagerFactoryBean - Initialized JPA EntityManagerFactory for persistence unit 'default'
2026-09-03 22:13:42.174 [] INFO  o.s.b.a.e.web.EndpointLinksResolver - Exposing 3 endpoints beneath base path '/actuator'
2026-09-03 22:13:42.184 [] INFO  o.s.boot.tomcat.TomcatWebServer - Tomcat started on port 8080 (http) with context path '/'
2026-09-03 22:13:42.187 [] INFO  o.s.s.config.TaskSchedulerRouter - No TaskScheduler/ScheduledExecutorService bean found for scheduled processing
2026-09-03 22:13:42.188 [] INFO  p.e.u.b.BomerpBackendApplication - Started BomerpBackendApplication in 0.455 seconds (process running for 341.31)
2026-09-03 22:13:42.190 [] WARN  o.s.c.events.SpringDocAppInitializer - SpringDoc /v3/api-docs endpoint is enabled by default. To disable it in production, set the property 'springdoc.api-docs.enabled=false'
2026-09-03 22:13:42.190 [] WARN  o.s.c.events.SpringDocAppInitializer - SpringDoc /swagger-ui.html endpoint is enabled by default. To disable it in production, set the property 'springdoc.swagger-ui.enabled=false'
2026-09-03 22:13:42.191 [] INFO  o.s.b.d.a.ConditionEvaluationDeltaLoggingListener - Condition evaluation unchanged
2026-09-03 22:13:44.983 [] INFO  o.s.b.d.a.LocalDevToolsAutoConfiguration$RestartingClassPathChangeChangedEventListener - Restarting due to 88 class path changes (88 additions, 0 deletions, 0 modifications)
2026-09-03 22:13:44.986 [] INFO  o.s.boot.tomcat.GracefulShutdown - Commencing graceful shutdown. Waiting for active requests to complete
2026-09-03 22:13:44.990 [] INFO  o.s.boot.tomcat.GracefulShutdown - Graceful shutdown complete
2026-09-03 22:13:44.992 [] INFO  o.s.o.j.LocalContainerEntityManagerFactoryBean - Closing JPA EntityManagerFactory for persistence unit 'default'
2026-09-03 22:13:44.993 [] WARN  o.s.b.f.s.DisposableBeanAdapter - Invocation of destroy method failed on bean with name 'inMemoryDatabaseShutdownExecutor': org.h2.jdbc.JdbcSQLNonTransientConnectionException: La base de datos ya esta cerrada (para des-habilitar el cerrado automatico durante el shutdown de la VM, agregue ";DB_CLOSE_ON_EXIT=FALSE" a la URL de conexión)
Database is already closed (to disable automatic closing at VM shutdown, add ";DB_CLOSE_ON_EXIT=FALSE" to the db URL) [90121-240]
2026-09-03 22:13:44.994 [] INFO  com.zaxxer.hikari.HikariDataSource - HikariPool-7 - Shutdown initiated...
2026-09-03 22:13:44.994 [] INFO  com.zaxxer.hikari.HikariDataSource - HikariPool-7 - Shutdown completed.
2026-09-03 22:13:45.095 [] INFO  p.e.u.b.BomerpBackendApplication - Starting BomerpBackendApplication using Java 24.0.2 with PID 32584 (E:\repoprofe\bomerp-backend\target\classes started by PC in E:\repoprofe\bomerp-backend)
2026-09-03 22:13:45.095 [] DEBUG p.e.u.b.BomerpBackendApplication - Running with Spring Boot v4.0.7, Spring v7.0.8
2026-09-03 22:13:45.095 [] INFO  p.e.u.b.BomerpBackendApplication - The following 1 profile is active: "h2"
2026-09-03 22:13:45.329 [] INFO  o.s.d.r.c.RepositoryConfigurationDelegate - Bootstrapping Spring Data JPA repositories in DEFAULT mode.
2026-09-03 22:13:45.350 [] INFO  o.s.d.r.c.RepositoryConfigurationDelegate - Finished Spring Data repository scanning in 20 ms. Found 7 JPA repository interfaces.
2026-09-03 22:13:45.425 [] INFO  o.s.boot.tomcat.TomcatWebServer - Tomcat initialized with port 8080 (http)
2026-09-03 22:13:45.425 [] INFO  o.a.catalina.core.StandardService - Starting service [Tomcat]
2026-09-03 22:13:45.425 [] INFO  o.a.catalina.core.StandardEngine - Starting Servlet engine: [Apache Tomcat/11.0.22]
2026-09-03 22:13:45.440 [] INFO  o.s.b.w.c.s.WebApplicationContextInitializer - Root WebApplicationContext: initialization completed in 343 ms
2026-09-03 22:13:45.463 [] DEBUG p.e.u.b.filter.CorrelationIdFilter - Filter 'correlationIdFilter' configured for use
2026-09-03 22:13:45.761 [] INFO  org.hibernate.orm.jpa - HHH008540: Processing PersistenceUnitInfo [name: default]
2026-09-03 22:13:45.776 [] INFO  o.s.o.j.p.SpringPersistenceUnitInfo - No LoadTimeWeaver setup: ignoring JPA class transformer
2026-09-03 22:13:45.776 [] INFO  com.zaxxer.hikari.HikariDataSource - HikariPool-8 - Starting...
2026-09-03 22:13:45.779 [] INFO  com.zaxxer.hikari.pool.HikariPool - HikariPool-8 - Added connection conn56: url=jdbc:h2:mem:bomerp_db user=SA
2026-09-03 22:13:45.779 [] INFO  com.zaxxer.hikari.HikariDataSource - HikariPool-8 - Start completed.
2026-09-03 22:13:45.779 [] INFO  o.hibernate.orm.connections.pooling - HHH10001005: Database info:
	Database JDBC URL [jdbc:h2:mem:bomerp_db]
	Database driver: H2 JDBC Driver
	Database dialect: H2Dialect
	Database version: 2.4.240
	Default catalog/schema: BOMERP_DB/PUBLIC
	Autocommit mode: undefined/unknown
	Isolation level: READ_COMMITTED [default READ_COMMITTED]
	JDBC fetch size: 100
	Pool: DataSourceConnectionProvider
	Minimum pool size: undefined/unknown
	Maximum pool size: undefined/unknown
2026-09-03 22:13:45.839 [] INFO  org.hibernate.orm.core - HHH000489: No JTA platform available (set 'hibernate.transaction.jta.platform' to enable JTA platform integration)
2026-09-03 22:13:45.847 [] INFO  o.s.o.j.LocalContainerEntityManagerFactoryBean - Initialized JPA EntityManagerFactory for persistence unit 'default'
2026-09-03 22:13:46.093 [] INFO  o.s.b.a.e.web.EndpointLinksResolver - Exposing 3 endpoints beneath base path '/actuator'
2026-09-03 22:13:46.110 [] INFO  o.s.boot.tomcat.TomcatWebServer - Tomcat started on port 8080 (http) with context path '/'
2026-09-03 22:13:46.113 [] INFO  o.s.s.config.TaskSchedulerRouter - No TaskScheduler/ScheduledExecutorService bean found for scheduled processing
2026-09-03 22:13:46.114 [] INFO  p.e.u.b.BomerpBackendApplication - Started BomerpBackendApplication in 1.051 seconds (process running for 345.236)
2026-09-03 22:13:46.149 [] WARN  o.s.c.events.SpringDocAppInitializer - SpringDoc /v3/api-docs endpoint is enabled by default. To disable it in production, set the property 'springdoc.api-docs.enabled=false'
2026-09-03 22:13:46.150 [] WARN  o.s.c.events.SpringDocAppInitializer - SpringDoc /swagger-ui.html endpoint is enabled by default. To disable it in production, set the property 'springdoc.swagger-ui.enabled=false'
2026-09-03 22:13:46.150 [] INFO  o.s.b.d.a.ConditionEvaluationDeltaLoggingListener - Condition evaluation unchanged
2026-09-03 22:13:46.942 [] INFO  p.e.u.b.BomerpBackendApplicationTests - Starting BomerpBackendApplicationTests using Java 24.0.2 with PID 23876 (started by PC in E:\repoprofe\bomerp-backend)
2026-09-03 22:13:46.943 [] DEBUG p.e.u.b.BomerpBackendApplicationTests - Running with Spring Boot v4.0.7, Spring v7.0.8
2026-09-03 22:13:46.944 [] INFO  p.e.u.b.BomerpBackendApplicationTests - The following 1 profile is active: "h2"
2026-09-03 22:13:47.894 [] INFO  o.s.d.r.c.RepositoryConfigurationDelegate - Bootstrapping Spring Data JPA repositories in DEFAULT mode.
2026-09-03 22:13:47.977 [] INFO  o.s.d.r.c.RepositoryConfigurationDelegate - Finished Spring Data repository scanning in 70 ms. Found 7 JPA repository interfaces.
2026-09-03 22:13:48.387 [] INFO  c.tngtech.archunit.core.PluginLoader - Detected Java version 24.0.2
2026-09-03 22:13:49.419 [] INFO  org.hibernate.orm.jpa - HHH008540: Processing PersistenceUnitInfo [name: default]
2026-09-03 22:13:49.468 [] INFO  org.hibernate.orm.core - HHH000001: Hibernate ORM core version 7.2.19.Final
2026-09-03 22:13:49.865 [] INFO  o.s.o.j.p.SpringPersistenceUnitInfo - No LoadTimeWeaver setup: ignoring JPA class transformer
2026-09-03 22:13:49.886 [] INFO  com.zaxxer.hikari.HikariDataSource - HikariPool-1 - Starting...
2026-09-03 22:13:50.120 [] INFO  com.zaxxer.hikari.pool.HikariPool - HikariPool-1 - Added connection conn0: url=jdbc:h2:mem:bomerp_db user=SA
2026-09-03 22:13:50.121 [] INFO  com.zaxxer.hikari.HikariDataSource - HikariPool-1 - Start completed.
2026-09-03 22:13:50.164 [] INFO  o.hibernate.orm.connections.pooling - HHH10001005: Database info:
	Database JDBC URL [jdbc:h2:mem:bomerp_db]
	Database driver: H2 JDBC Driver
	Database dialect: H2Dialect
	Database version: 2.4.240
	Default catalog/schema: BOMERP_DB/PUBLIC
	Autocommit mode: undefined/unknown
	Isolation level: READ_COMMITTED [default READ_COMMITTED]
	JDBC fetch size: 100
	Pool: DataSourceConnectionProvider
	Minimum pool size: undefined/unknown
	Maximum pool size: undefined/unknown
2026-09-03 22:13:50.885 [] INFO  org.hibernate.orm.core - HHH000489: No JTA platform available (set 'hibernate.transaction.jta.platform' to enable JTA platform integration)
2026-09-03 22:13:50.934 [] INFO  o.s.o.j.LocalContainerEntityManagerFactoryBean - Initialized JPA EntityManagerFactory for persistence unit 'default'
2026-09-03 22:13:51.018 [] INFO  o.s.d.j.r.q.QueryEnhancerFactories - Hibernate is in classpath; If applicable, HQL parser will be used.
2026-09-03 22:13:52.191 [] INFO  o.s.b.a.e.web.EndpointLinksResolver - Exposing 3 endpoints beneath base path '/actuator'
2026-09-03 22:13:52.249 [] INFO  o.s.s.config.TaskSchedulerRouter - No TaskScheduler/ScheduledExecutorService bean found for scheduled processing
2026-09-03 22:13:52.253 [] INFO  p.e.u.b.BomerpBackendApplicationTests - Started BomerpBackendApplicationTests in 5.794 seconds (process running for 6.892)
2026-09-03 22:13:52.704 [] WARN  o.s.c.events.SpringDocAppInitializer - SpringDoc /v3/api-docs endpoint is enabled by default. To disable it in production, set the property 'springdoc.api-docs.enabled=false'
2026-09-03 22:13:52.704 [] WARN  o.s.c.events.SpringDocAppInitializer - SpringDoc /swagger-ui.html endpoint is enabled by default. To disable it in production, set the property 'springdoc.swagger-ui.enabled=false'
2026-09-03 22:13:52.973 [] INFO  o.s.t.c.s.AnnotationConfigContextLoaderUtils - Could not detect default configuration classes for test class [pe.edu.upeu.bomerp.catalogo.categoria.controller.CategoriaControllerTest]: CategoriaControllerTest does not declare any static, non-private, non-final, nested classes annotated with @Configuration.
2026-09-03 22:13:53.005 [] INFO  o.s.b.t.c.SpringBootTestContextBootstrapper - Found @SpringBootConfiguration pe.edu.upeu.bomerp.BomerpBackendApplication for test class pe.edu.upeu.bomerp.catalogo.categoria.controller.CategoriaControllerTest
2026-09-03 22:13:53.006 [] INFO  o.s.t.c.s.AnnotationConfigContextLoaderUtils - Could not detect default configuration classes for test class [pe.edu.upeu.bomerp.catalogo.categoria.controller.CategoriaControllerTest]: CategoriaControllerTest does not declare any static, non-private, non-final, nested classes annotated with @Configuration.
2026-09-03 22:13:53.012 [] INFO  o.s.b.t.c.SpringBootTestContextBootstrapper - Found @SpringBootConfiguration pe.edu.upeu.bomerp.BomerpBackendApplication for test class pe.edu.upeu.bomerp.catalogo.categoria.controller.CategoriaControllerTest
2026-09-03 22:13:53.017 [] INFO  o.s.b.d.r.RestartApplicationListener - Restart disabled due to context in which it is running
2026-09-03 22:13:53.042 [] INFO  p.e.u.b.c.c.c.CategoriaControllerTest - Starting CategoriaControllerTest using Java 24.0.2 with PID 23876 (started by PC in E:\repoprofe\bomerp-backend)
2026-09-03 22:13:53.043 [] DEBUG p.e.u.b.c.c.c.CategoriaControllerTest - Running with Spring Boot v4.0.7, Spring v7.0.8
2026-09-03 22:13:53.043 [] INFO  p.e.u.b.c.c.c.CategoriaControllerTest - The following 1 profile is active: "h2"
2026-09-03 22:13:53.390 [] DEBUG p.e.u.b.filter.CorrelationIdFilter - Filter 'correlationIdFilter' configured for use
2026-09-03 22:13:53.391 [] INFO  o.s.b.t.m.w.SpringBootMockServletContext - Initializing Spring TestDispatcherServlet ''
2026-09-03 22:13:53.391 [] INFO  o.s.t.w.s.TestDispatcherServlet - Initializing Servlet ''
2026-09-03 22:13:53.392 [] INFO  o.s.t.w.s.TestDispatcherServlet - Completed initialization in 1 ms
2026-09-03 22:13:53.402 [] INFO  p.e.u.b.c.c.c.CategoriaControllerTest - Started CategoriaControllerTest in 0.386 seconds (process running for 8.042)
2026-09-03 22:13:53.668 [] INFO  o.s.t.c.s.AnnotationConfigContextLoaderUtils - Could not detect default configuration classes for test class [pe.edu.upeu.bomerp.catalogo.producto.controller.ProductoControllerTest]: ProductoControllerTest does not declare any static, non-private, non-final, nested classes annotated with @Configuration.
2026-09-03 22:13:53.687 [] INFO  o.s.b.t.c.SpringBootTestContextBootstrapper - Found @SpringBootConfiguration pe.edu.upeu.bomerp.BomerpBackendApplication for test class pe.edu.upeu.bomerp.catalogo.producto.controller.ProductoControllerTest
2026-09-03 22:13:53.689 [] INFO  o.s.t.c.s.AnnotationConfigContextLoaderUtils - Could not detect default configuration classes for test class [pe.edu.upeu.bomerp.catalogo.producto.controller.ProductoControllerTest]: ProductoControllerTest does not declare any static, non-private, non-final, nested classes annotated with @Configuration.
2026-09-03 22:13:53.696 [] INFO  o.s.b.t.c.SpringBootTestContextBootstrapper - Found @SpringBootConfiguration pe.edu.upeu.bomerp.BomerpBackendApplication for test class pe.edu.upeu.bomerp.catalogo.producto.controller.ProductoControllerTest
2026-09-03 22:13:53.701 [] INFO  o.s.b.d.r.RestartApplicationListener - Restart disabled due to context in which it is running
2026-09-03 22:13:53.727 [] INFO  p.e.u.b.c.p.c.ProductoControllerTest - Starting ProductoControllerTest using Java 24.0.2 with PID 23876 (started by PC in E:\repoprofe\bomerp-backend)
2026-09-03 22:13:53.727 [] DEBUG p.e.u.b.c.p.c.ProductoControllerTest - Running with Spring Boot v4.0.7, Spring v7.0.8
2026-09-03 22:13:53.727 [] INFO  p.e.u.b.c.p.c.ProductoControllerTest - The following 1 profile is active: "h2"
2026-09-03 22:13:53.884 [] DEBUG p.e.u.b.filter.CorrelationIdFilter - Filter 'correlationIdFilter' configured for use
2026-09-03 22:13:53.884 [] INFO  o.s.b.t.m.w.SpringBootMockServletContext - Initializing Spring TestDispatcherServlet ''
2026-09-03 22:13:53.884 [] INFO  o.s.t.w.s.TestDispatcherServlet - Initializing Servlet ''
2026-09-03 22:13:53.885 [] INFO  o.s.t.w.s.TestDispatcherServlet - Completed initialization in 0 ms
2026-09-03 22:13:53.889 [] INFO  p.e.u.b.c.p.c.ProductoControllerTest - Started ProductoControllerTest in 0.189 seconds (process running for 8.528)
2026-09-03 22:13:53.960 [] INFO  o.s.t.c.s.AnnotationConfigContextLoaderUtils - Could not detect default configuration classes for test class [pe.edu.upeu.bomerp.finanzas.controller.CategoriaFinancieraControllerTest]: CategoriaFinancieraControllerTest does not declare any static, non-private, non-final, nested classes annotated with @Configuration.
2026-09-03 22:13:53.976 [] INFO  o.s.b.t.c.SpringBootTestContextBootstrapper - Found @SpringBootConfiguration pe.edu.upeu.bomerp.BomerpBackendApplication for test class pe.edu.upeu.bomerp.finanzas.controller.CategoriaFinancieraControllerTest
2026-09-03 22:13:53.977 [] INFO  o.s.t.c.s.AnnotationConfigContextLoaderUtils - Could not detect default configuration classes for test class [pe.edu.upeu.bomerp.finanzas.controller.CategoriaFinancieraControllerTest]: CategoriaFinancieraControllerTest does not declare any static, non-private, non-final, nested classes annotated with @Configuration.
2026-09-03 22:13:53.982 [] INFO  o.s.b.t.c.SpringBootTestContextBootstrapper - Found @SpringBootConfiguration pe.edu.upeu.bomerp.BomerpBackendApplication for test class pe.edu.upeu.bomerp.finanzas.controller.CategoriaFinancieraControllerTest
2026-09-03 22:13:53.985 [] INFO  o.s.b.d.r.RestartApplicationListener - Restart disabled due to context in which it is running
2026-09-03 22:13:54.005 [] INFO  p.e.u.b.f.c.CategoriaFinancieraControllerTest - Starting CategoriaFinancieraControllerTest using Java 24.0.2 with PID 23876 (started by PC in E:\repoprofe\bomerp-backend)
2026-09-03 22:13:54.006 [] DEBUG p.e.u.b.f.c.CategoriaFinancieraControllerTest - Running with Spring Boot v4.0.7, Spring v7.0.8
2026-09-03 22:13:54.006 [] INFO  p.e.u.b.f.c.CategoriaFinancieraControllerTest - The following 1 profile is active: "h2"
2026-09-03 22:13:54.184 [] DEBUG p.e.u.b.filter.CorrelationIdFilter - Filter 'correlationIdFilter' configured for use
2026-09-03 22:13:54.184 [] INFO  o.s.b.t.m.w.SpringBootMockServletContext - Initializing Spring TestDispatcherServlet ''
2026-09-03 22:13:54.184 [] INFO  o.s.t.w.s.TestDispatcherServlet - Initializing Servlet ''
2026-09-03 22:13:54.185 [] INFO  o.s.t.w.s.TestDispatcherServlet - Completed initialization in 1 ms
2026-09-03 22:13:54.189 [] INFO  p.e.u.b.f.c.CategoriaFinancieraControllerTest - Started CategoriaFinancieraControllerTest in 0.203 seconds (process running for 8.828)
2026-09-03 22:13:54.237 [] INFO  o.s.t.c.s.AnnotationConfigContextLoaderUtils - Could not detect default configuration classes for test class [pe.edu.upeu.bomerp.finanzas.controller.RendicionCajaChicaControllerTest]: RendicionCajaChicaControllerTest does not declare any static, non-private, non-final, nested classes annotated with @Configuration.
2026-09-03 22:13:54.242 [] INFO  o.s.b.t.c.SpringBootTestContextBootstrapper - Found @SpringBootConfiguration pe.edu.upeu.bomerp.BomerpBackendApplication for test class pe.edu.upeu.bomerp.finanzas.controller.RendicionCajaChicaControllerTest
2026-09-03 22:13:54.243 [] INFO  o.s.t.c.s.AnnotationConfigContextLoaderUtils - Could not detect default configuration classes for test class [pe.edu.upeu.bomerp.finanzas.controller.RendicionCajaChicaControllerTest]: RendicionCajaChicaControllerTest does not declare any static, non-private, non-final, nested classes annotated with @Configuration.
2026-09-03 22:13:54.248 [] INFO  o.s.b.t.c.SpringBootTestContextBootstrapper - Found @SpringBootConfiguration pe.edu.upeu.bomerp.BomerpBackendApplication for test class pe.edu.upeu.bomerp.finanzas.controller.RendicionCajaChicaControllerTest
2026-09-03 22:13:54.251 [] INFO  o.s.b.d.r.RestartApplicationListener - Restart disabled due to context in which it is running
2026-09-03 22:13:54.276 [] INFO  p.e.u.b.f.c.RendicionCajaChicaControllerTest - Starting RendicionCajaChicaControllerTest using Java 24.0.2 with PID 23876 (started by PC in E:\repoprofe\bomerp-backend)
2026-09-03 22:13:54.276 [] DEBUG p.e.u.b.f.c.RendicionCajaChicaControllerTest - Running with Spring Boot v4.0.7, Spring v7.0.8
2026-09-03 22:13:54.276 [] INFO  p.e.u.b.f.c.RendicionCajaChicaControllerTest - The following 1 profile is active: "h2"
2026-09-03 22:13:54.464 [] DEBUG p.e.u.b.filter.CorrelationIdFilter - Filter 'correlationIdFilter' configured for use
2026-09-03 22:13:54.464 [] INFO  o.s.b.t.m.w.SpringBootMockServletContext - Initializing Spring TestDispatcherServlet ''
2026-09-03 22:13:54.464 [] INFO  o.s.t.w.s.TestDispatcherServlet - Initializing Servlet ''
2026-09-03 22:13:54.465 [] INFO  o.s.t.w.s.TestDispatcherServlet - Completed initialization in 1 ms
2026-09-03 22:13:54.468 [] INFO  p.e.u.b.f.c.RendicionCajaChicaControllerTest - Started RendicionCajaChicaControllerTest in 0.217 seconds (process running for 9.107)
2026-09-03 22:13:54.542 [] INFO  o.s.t.c.s.AnnotationConfigContextLoaderUtils - Could not detect default configuration classes for test class [pe.edu.upeu.bomerp.finanzas.controller.TransaccionFinancieraControllerTest]: TransaccionFinancieraControllerTest does not declare any static, non-private, non-final, nested classes annotated with @Configuration.
2026-09-03 22:13:54.547 [] INFO  o.s.b.t.c.SpringBootTestContextBootstrapper - Found @SpringBootConfiguration pe.edu.upeu.bomerp.BomerpBackendApplication for test class pe.edu.upeu.bomerp.finanzas.controller.TransaccionFinancieraControllerTest
2026-09-03 22:13:54.548 [] INFO  o.s.t.c.s.AnnotationConfigContextLoaderUtils - Could not detect default configuration classes for test class [pe.edu.upeu.bomerp.finanzas.controller.TransaccionFinancieraControllerTest]: TransaccionFinancieraControllerTest does not declare any static, non-private, non-final, nested classes annotated with @Configuration.
2026-09-03 22:13:54.551 [] INFO  o.s.b.t.c.SpringBootTestContextBootstrapper - Found @SpringBootConfiguration pe.edu.upeu.bomerp.BomerpBackendApplication for test class pe.edu.upeu.bomerp.finanzas.controller.TransaccionFinancieraControllerTest
2026-09-03 22:13:54.553 [] INFO  o.s.b.d.r.RestartApplicationListener - Restart disabled due to context in which it is running
2026-09-03 22:13:54.572 [] INFO  p.e.u.b.f.c.TransaccionFinancieraControllerTest - Starting TransaccionFinancieraControllerTest using Java 24.0.2 with PID 23876 (started by PC in E:\repoprofe\bomerp-backend)
2026-09-03 22:13:54.572 [] DEBUG p.e.u.b.f.c.TransaccionFinancieraControllerTest - Running with Spring Boot v4.0.7, Spring v7.0.8
2026-09-03 22:13:54.572 [] INFO  p.e.u.b.f.c.TransaccionFinancieraControllerTest - The following 1 profile is active: "h2"
2026-09-03 22:13:54.701 [] DEBUG p.e.u.b.filter.CorrelationIdFilter - Filter 'correlationIdFilter' configured for use
2026-09-03 22:13:54.702 [] INFO  o.s.b.t.m.w.SpringBootMockServletContext - Initializing Spring TestDispatcherServlet ''
2026-09-03 22:13:54.702 [] INFO  o.s.t.w.s.TestDispatcherServlet - Initializing Servlet ''
2026-09-03 22:13:54.703 [] INFO  o.s.t.w.s.TestDispatcherServlet - Completed initialization in 1 ms
2026-09-03 22:13:54.707 [] INFO  p.e.u.b.f.c.TransaccionFinancieraControllerTest - Started TransaccionFinancieraControllerTest in 0.154 seconds (process running for 9.346)
2026-09-03 22:13:54.762 [] INFO  o.s.t.c.s.AnnotationConfigContextLoaderUtils - Could not detect default configuration classes for test class [pe.edu.upeu.bomerp.finanzas.service.RendicionCajaChicaServiceTest]: RendicionCajaChicaServiceTest does not declare any static, non-private, non-final, nested classes annotated with @Configuration.
2026-09-03 22:13:54.774 [] INFO  o.s.b.t.c.SpringBootTestContextBootstrapper - Found @SpringBootConfiguration pe.edu.upeu.bomerp.BomerpBackendApplication for test class pe.edu.upeu.bomerp.finanzas.service.RendicionCajaChicaServiceTest
2026-09-03 22:13:54.775 [] INFO  o.s.t.c.s.AnnotationConfigContextLoaderUtils - Could not detect default configuration classes for test class [pe.edu.upeu.bomerp.finanzas.service.RendicionCajaChicaServiceTest]: RendicionCajaChicaServiceTest does not declare any static, non-private, non-final, nested classes annotated with @Configuration.
2026-09-03 22:13:54.775 [] INFO  o.s.b.t.c.SpringBootTestContextBootstrapper - Found @SpringBootConfiguration pe.edu.upeu.bomerp.BomerpBackendApplication for test class pe.edu.upeu.bomerp.finanzas.service.RendicionCajaChicaServiceTest
2026-09-03 22:13:54.778 [] INFO  o.s.t.c.s.AnnotationConfigContextLoaderUtils - Could not detect default configuration classes for test class [pe.edu.upeu.bomerp.finanzas.service.RendicionCajaChicaServiceTest$TransaccionAtomicaTests]: TransaccionAtomicaTests does not declare any static, non-private, non-final, nested classes annotated with @Configuration.
2026-09-03 22:13:54.780 [] INFO  o.s.b.t.c.SpringBootTestContextBootstrapper - Found @SpringBootConfiguration pe.edu.upeu.bomerp.BomerpBackendApplication for test class pe.edu.upeu.bomerp.finanzas.service.RendicionCajaChicaServiceTest$TransaccionAtomicaTests
2026-09-03 22:13:54.780 [] INFO  o.s.t.c.s.AnnotationConfigContextLoaderUtils - Could not detect default configuration classes for test class [pe.edu.upeu.bomerp.finanzas.service.RendicionCajaChicaServiceTest$TransaccionAtomicaTests]: TransaccionAtomicaTests does not declare any static, non-private, non-final, nested classes annotated with @Configuration.
2026-09-03 22:13:54.780 [] INFO  o.s.t.c.s.AnnotationConfigContextLoaderUtils - Could not detect default configuration classes for test class [pe.edu.upeu.bomerp.finanzas.service.RendicionCajaChicaServiceTest]: RendicionCajaChicaServiceTest does not declare any static, non-private, non-final, nested classes annotated with @Configuration.
2026-09-03 22:13:54.781 [] INFO  o.s.b.t.c.SpringBootTestContextBootstrapper - Found @SpringBootConfiguration pe.edu.upeu.bomerp.BomerpBackendApplication for test class pe.edu.upeu.bomerp.finanzas.service.RendicionCajaChicaServiceTest$TransaccionAtomicaTests
2026-09-03 22:13:54.783 [] INFO  o.s.b.d.r.RestartApplicationListener - Restart disabled due to context in which it is running
2026-09-03 22:13:54.804 [] INFO  p.e.u.b.f.s.RendicionCajaChicaServiceTest$TransaccionAtomicaTests - Starting RendicionCajaChicaServiceTest.TransaccionAtomicaTests using Java 24.0.2 with PID 23876 (started by PC in E:\repoprofe\bomerp-backend)
2026-09-03 22:13:54.804 [] DEBUG p.e.u.b.f.s.RendicionCajaChicaServiceTest$TransaccionAtomicaTests - Running with Spring Boot v4.0.7, Spring v7.0.8
2026-09-03 22:13:54.804 [] INFO  p.e.u.b.f.s.RendicionCajaChicaServiceTest$TransaccionAtomicaTests - The following 1 profile is active: "h2"
2026-09-03 22:13:54.966 [] INFO  o.s.d.r.c.RepositoryConfigurationDelegate - Bootstrapping Spring Data JPA repositories in DEFAULT mode.
2026-09-03 22:13:54.980 [] INFO  o.s.d.r.c.RepositoryConfigurationDelegate - Finished Spring Data repository scanning in 13 ms. Found 7 JPA repository interfaces.
2026-09-03 22:13:55.041 [] INFO  org.hibernate.orm.jpa - HHH008540: Processing PersistenceUnitInfo [name: default]
2026-09-03 22:13:55.059 [] INFO  o.s.o.j.p.SpringPersistenceUnitInfo - No LoadTimeWeaver setup: ignoring JPA class transformer
2026-09-03 22:13:55.060 [] INFO  com.zaxxer.hikari.HikariDataSource - HikariPool-2 - Starting...
2026-09-03 22:13:55.060 [] INFO  com.zaxxer.hikari.pool.HikariPool - HikariPool-2 - Added connection conn10: url=jdbc:h2:mem:bomerp_db user=SA
2026-09-03 22:13:55.061 [] INFO  com.zaxxer.hikari.HikariDataSource - HikariPool-2 - Start completed.
2026-09-03 22:13:55.061 [] INFO  o.hibernate.orm.connections.pooling - HHH10001005: Database info:
	Database JDBC URL [jdbc:h2:mem:bomerp_db]
	Database driver: H2 JDBC Driver
	Database dialect: H2Dialect
	Database version: 2.4.240
	Default catalog/schema: BOMERP_DB/PUBLIC
	Autocommit mode: undefined/unknown
	Isolation level: READ_COMMITTED [default READ_COMMITTED]
	JDBC fetch size: 100
	Pool: DataSourceConnectionProvider
	Minimum pool size: undefined/unknown
	Maximum pool size: undefined/unknown
2026-09-03 22:13:55.097 [] INFO  org.hibernate.orm.core - HHH000489: No JTA platform available (set 'hibernate.transaction.jta.platform' to enable JTA platform integration)
2026-09-03 22:13:55.109 [] INFO  o.s.o.j.LocalContainerEntityManagerFactoryBean - Initialized JPA EntityManagerFactory for persistence unit 'default'
2026-09-03 22:13:55.321 [] INFO  o.s.b.a.e.web.EndpointLinksResolver - Exposing 3 endpoints beneath base path '/actuator'
2026-09-03 22:13:55.333 [] INFO  o.s.s.config.TaskSchedulerRouter - No TaskScheduler/ScheduledExecutorService bean found for scheduled processing
2026-09-03 22:13:55.334 [] INFO  p.e.u.b.f.s.RendicionCajaChicaServiceTest$TransaccionAtomicaTests - Started RendicionCajaChicaServiceTest.TransaccionAtomicaTests in 0.551 seconds (process running for 9.973)
2026-09-03 22:13:55.342 [] WARN  o.s.c.events.SpringDocAppInitializer - SpringDoc /v3/api-docs endpoint is enabled by default. To disable it in production, set the property 'springdoc.api-docs.enabled=false'
2026-09-03 22:13:55.342 [] WARN  o.s.c.events.SpringDocAppInitializer - SpringDoc /swagger-ui.html endpoint is enabled by default. To disable it in production, set the property 'springdoc.swagger-ui.enabled=false'
2026-09-03 22:13:55.533 [] INFO  o.s.t.c.s.AnnotationConfigContextLoaderUtils - Could not detect default configuration classes for test class [pe.edu.upeu.bomerp.finanzas.service.RendicionCajaChicaServiceTest$CalculoTotalesTests]: CalculoTotalesTests does not declare any static, non-private, non-final, nested classes annotated with @Configuration.
2026-09-03 22:13:55.534 [] INFO  o.s.b.t.c.SpringBootTestContextBootstrapper - Found @SpringBootConfiguration pe.edu.upeu.bomerp.BomerpBackendApplication for test class pe.edu.upeu.bomerp.finanzas.service.RendicionCajaChicaServiceTest$CalculoTotalesTests
2026-09-03 22:13:55.535 [] INFO  o.s.t.c.s.AnnotationConfigContextLoaderUtils - Could not detect default configuration classes for test class [pe.edu.upeu.bomerp.finanzas.service.RendicionCajaChicaServiceTest$CalculoTotalesTests]: CalculoTotalesTests does not declare any static, non-private, non-final, nested classes annotated with @Configuration.
2026-09-03 22:13:55.535 [] INFO  o.s.t.c.s.AnnotationConfigContextLoaderUtils - Could not detect default configuration classes for test class [pe.edu.upeu.bomerp.finanzas.service.RendicionCajaChicaServiceTest]: RendicionCajaChicaServiceTest does not declare any static, non-private, non-final, nested classes annotated with @Configuration.
2026-09-03 22:13:55.537 [] INFO  o.s.b.t.c.SpringBootTestContextBootstrapper - Found @SpringBootConfiguration pe.edu.upeu.bomerp.BomerpBackendApplication for test class pe.edu.upeu.bomerp.finanzas.service.RendicionCajaChicaServiceTest$CalculoTotalesTests
2026-09-03 22:13:55.552 [] INFO  o.s.t.c.s.AnnotationConfigContextLoaderUtils - Could not detect default configuration classes for test class [pe.edu.upeu.bomerp.finanzas.service.RendicionCajaChicaServiceTest$ReglaSolvenciaTests]: ReglaSolvenciaTests does not declare any static, non-private, non-final, nested classes annotated with @Configuration.
2026-09-03 22:13:55.554 [] INFO  o.s.b.t.c.SpringBootTestContextBootstrapper - Found @SpringBootConfiguration pe.edu.upeu.bomerp.BomerpBackendApplication for test class pe.edu.upeu.bomerp.finanzas.service.RendicionCajaChicaServiceTest$ReglaSolvenciaTests
2026-09-03 22:13:55.554 [] INFO  o.s.t.c.s.AnnotationConfigContextLoaderUtils - Could not detect default configuration classes for test class [pe.edu.upeu.bomerp.finanzas.service.RendicionCajaChicaServiceTest$ReglaSolvenciaTests]: ReglaSolvenciaTests does not declare any static, non-private, non-final, nested classes annotated with @Configuration.
2026-09-03 22:13:55.554 [] INFO  o.s.t.c.s.AnnotationConfigContextLoaderUtils - Could not detect default configuration classes for test class [pe.edu.upeu.bomerp.finanzas.service.RendicionCajaChicaServiceTest]: RendicionCajaChicaServiceTest does not declare any static, non-private, non-final, nested classes annotated with @Configuration.
2026-09-03 22:13:55.555 [] INFO  o.s.b.t.c.SpringBootTestContextBootstrapper - Found @SpringBootConfiguration pe.edu.upeu.bomerp.BomerpBackendApplication for test class pe.edu.upeu.bomerp.finanzas.service.RendicionCajaChicaServiceTest$ReglaSolvenciaTests
2026-09-03 22:13:55.885 [] INFO  o.s.o.j.LocalContainerEntityManagerFactoryBean - Closing JPA EntityManagerFactory for persistence unit 'default'
2026-09-03 22:13:55.892 [] INFO  com.zaxxer.hikari.HikariDataSource - HikariPool-1 - Shutdown initiated...
2026-09-03 22:13:55.894 [] INFO  com.zaxxer.hikari.HikariDataSource - HikariPool-1 - Shutdown completed.
2026-09-03 22:13:55.899 [] INFO  o.s.o.j.LocalContainerEntityManagerFactoryBean - Closing JPA EntityManagerFactory for persistence unit 'default'
2026-09-03 22:13:55.900 [] INFO  com.zaxxer.hikari.HikariDataSource - HikariPool-2 - Shutdown initiated...
2026-09-03 22:13:55.900 [] INFO  com.zaxxer.hikari.HikariDataSource - HikariPool-2 - Shutdown completed.
2026-09-03 22:13:57.555 [] INFO  o.s.b.d.a.LocalDevToolsAutoConfiguration$RestartingClassPathChangeChangedEventListener - Restarting due to 1 class path change (1 addition, 0 deletions, 0 modifications)
2026-09-03 22:13:57.557 [] INFO  o.s.boot.tomcat.GracefulShutdown - Commencing graceful shutdown. Waiting for active requests to complete
2026-09-03 22:13:57.559 [] INFO  o.s.boot.tomcat.GracefulShutdown - Graceful shutdown complete
2026-09-03 22:13:57.561 [] INFO  o.s.o.j.LocalContainerEntityManagerFactoryBean - Closing JPA EntityManagerFactory for persistence unit 'default'
2026-09-03 22:13:57.563 [] WARN  o.s.b.f.s.DisposableBeanAdapter - Invocation of destroy method failed on bean with name 'inMemoryDatabaseShutdownExecutor': org.h2.jdbc.JdbcSQLNonTransientConnectionException: La base de datos ya esta cerrada (para des-habilitar el cerrado automatico durante el shutdown de la VM, agregue ";DB_CLOSE_ON_EXIT=FALSE" a la URL de conexión)
Database is already closed (to disable automatic closing at VM shutdown, add ";DB_CLOSE_ON_EXIT=FALSE" to the db URL) [90121-240]
2026-09-03 22:13:57.563 [] INFO  com.zaxxer.hikari.HikariDataSource - HikariPool-8 - Shutdown initiated...
2026-09-03 22:13:57.563 [] INFO  com.zaxxer.hikari.HikariDataSource - HikariPool-8 - Shutdown completed.
2026-09-03 22:13:57.636 [] INFO  p.e.u.b.BomerpBackendApplication - Starting BomerpBackendApplication using Java 24.0.2 with PID 32584 (E:\repoprofe\bomerp-backend\target\classes started by PC in E:\repoprofe\bomerp-backend)
2026-09-03 22:13:57.636 [] DEBUG p.e.u.b.BomerpBackendApplication - Running with Spring Boot v4.0.7, Spring v7.0.8
2026-09-03 22:13:57.636 [] INFO  p.e.u.b.BomerpBackendApplication - The following 1 profile is active: "h2"
2026-09-03 22:13:57.786 [] INFO  o.s.d.r.c.RepositoryConfigurationDelegate - Bootstrapping Spring Data JPA repositories in DEFAULT mode.
2026-09-03 22:13:57.804 [] INFO  o.s.d.r.c.RepositoryConfigurationDelegate - Finished Spring Data repository scanning in 16 ms. Found 7 JPA repository interfaces.
2026-09-03 22:13:57.863 [] INFO  o.s.boot.tomcat.TomcatWebServer - Tomcat initialized with port 8080 (http)
2026-09-03 22:13:57.864 [] INFO  o.a.catalina.core.StandardService - Starting service [Tomcat]
2026-09-03 22:13:57.864 [] INFO  o.a.catalina.core.StandardEngine - Starting Servlet engine: [Apache Tomcat/11.0.22]
2026-09-03 22:13:57.876 [] INFO  o.s.b.w.c.s.WebApplicationContextInitializer - Root WebApplicationContext: initialization completed in 238 ms
2026-09-03 22:13:57.895 [] DEBUG p.e.u.b.filter.CorrelationIdFilter - Filter 'correlationIdFilter' configured for use
2026-09-03 22:13:57.911 [] INFO  org.hibernate.orm.jpa - HHH008540: Processing PersistenceUnitInfo [name: default]
2026-09-03 22:13:57.924 [] INFO  o.s.o.j.p.SpringPersistenceUnitInfo - No LoadTimeWeaver setup: ignoring JPA class transformer
2026-09-03 22:13:57.924 [] INFO  com.zaxxer.hikari.HikariDataSource - HikariPool-9 - Starting...
2026-09-03 22:13:57.926 [] INFO  com.zaxxer.hikari.pool.HikariPool - HikariPool-9 - Added connection conn66: url=jdbc:h2:mem:bomerp_db user=SA
2026-09-03 22:13:57.926 [] INFO  com.zaxxer.hikari.HikariDataSource - HikariPool-9 - Start completed.
2026-09-03 22:13:57.926 [] INFO  o.hibernate.orm.connections.pooling - HHH10001005: Database info:
	Database JDBC URL [jdbc:h2:mem:bomerp_db]
	Database driver: H2 JDBC Driver
	Database dialect: H2Dialect
	Database version: 2.4.240
	Default catalog/schema: BOMERP_DB/PUBLIC
	Autocommit mode: undefined/unknown
	Isolation level: READ_COMMITTED [default READ_COMMITTED]
	JDBC fetch size: 100
	Pool: DataSourceConnectionProvider
	Minimum pool size: undefined/unknown
	Maximum pool size: undefined/unknown
2026-09-03 22:13:57.976 [] INFO  org.hibernate.orm.core - HHH000489: No JTA platform available (set 'hibernate.transaction.jta.platform' to enable JTA platform integration)
2026-09-03 22:13:57.982 [] INFO  o.s.o.j.LocalContainerEntityManagerFactoryBean - Initialized JPA EntityManagerFactory for persistence unit 'default'
2026-09-03 22:13:58.175 [] INFO  o.s.b.a.e.web.EndpointLinksResolver - Exposing 3 endpoints beneath base path '/actuator'
2026-09-03 22:13:58.189 [] INFO  o.s.boot.tomcat.TomcatWebServer - Tomcat started on port 8080 (http) with context path '/'
2026-09-03 22:13:58.191 [] INFO  o.s.s.config.TaskSchedulerRouter - No TaskScheduler/ScheduledExecutorService bean found for scheduled processing
2026-09-03 22:13:58.192 [] INFO  p.e.u.b.BomerpBackendApplication - Started BomerpBackendApplication in 0.573 seconds (process running for 357.314)
2026-09-03 22:13:58.222 [] WARN  o.s.c.events.SpringDocAppInitializer - SpringDoc /v3/api-docs endpoint is enabled by default. To disable it in production, set the property 'springdoc.api-docs.enabled=false'
2026-09-03 22:13:58.222 [] WARN  o.s.c.events.SpringDocAppInitializer - SpringDoc /swagger-ui.html endpoint is enabled by default. To disable it in production, set the property 'springdoc.swagger-ui.enabled=false'
2026-09-03 22:13:58.222 [] INFO  o.s.b.d.a.ConditionEvaluationDeltaLoggingListener - Condition evaluation unchanged
2026-09-03 22:15:57.155 [] INFO  o.a.c.c.C.[Tomcat-2].[localhost].[/] - Initializing Spring DispatcherServlet 'dispatcherServlet'
2026-09-03 22:15:57.156 [] INFO  o.s.web.servlet.DispatcherServlet - Initializing Servlet 'dispatcherServlet'
2026-09-03 22:15:57.157 [] INFO  o.s.web.servlet.DispatcherServlet - Completed initialization in 1 ms
2026-09-03 22:15:57.169 [2a066b00-ea1d-4436-8a4d-49f1069ddfd4] WARN  o.s.w.s.m.m.a.ExceptionHandlerExceptionResolver - Resolved [java.lang.IllegalArgumentException: Ya existe una caja chica con el código: CC-001]
2026-09-03 22:16:44.841 [897f576f-b7ec-4afa-828f-43d7b6ca12fa] WARN  o.s.w.s.m.m.a.ExceptionHandlerExceptionResolver - Resolved [pe.edu.upeu.bomerp.exception.ResourceNotFoundException: Producto no encontrado: 100]
2026-09-03 22:17:38.072 [854d09ea-9663-4ef3-acd9-de387948cd67] WARN  o.s.w.s.m.m.a.ExceptionHandlerExceptionResolver - Resolved [pe.edu.upeu.bomerp.exception.ResourceNotFoundException: Producto no encontrado: 46]
2026-09-03 22:18:12.466 [5a3feffe-7eae-4f0b-9cf9-beb5a6a96d42] WARN  o.s.w.s.m.m.a.ExceptionHandlerExceptionResolver - Resolved [java.lang.IllegalArgumentException: Ya existe una caja chica con el código: CC-001]
2026-09-03 22:18:23.821 [bf3ecf81-c203-40d9-86a8-0cffe406fa5d] WARN  o.s.w.s.m.m.a.ExceptionHandlerExceptionResolver - Resolved [pe.edu.upeu.bomerp.exception.ResourceNotFoundException: Producto no encontrado: 100]
2026-09-03 22:19:28.892 [b0e9e3b6-5a79-4aa9-9420-315f0ea888aa] WARN  o.s.w.s.m.m.a.ExceptionHandlerExceptionResolver - Resolved [pe.edu.upeu.bomerp.exception.ResourceNotFoundException: Producto no encontrado: 100]
2026-09-03 22:20:10.672 [358129ea-3109-4f36-817e-4967c1206b5d] WARN  o.s.w.s.m.m.a.ExceptionHandlerExceptionResolver - Resolved [pe.edu.upeu.bomerp.exception.ResourceNotFoundException: Producto no encontrado: 223]
2026-09-03 22:20:24.857 [51e73309-d04c-4ee1-a246-459cfa4ec8c5] WARN  o.s.w.s.m.m.a.ExceptionHandlerExceptionResolver - Resolved [pe.edu.upeu.bomerp.exception.ResourceNotFoundException: Producto no encontrado: 1]
2026-09-03 22:20:31.701 [c506391f-414b-44ca-9b74-6b93738f0292] WARN  o.s.w.s.m.m.a.ExceptionHandlerExceptionResolver - Resolved [pe.edu.upeu.bomerp.exception.ResourceNotFoundException: Producto no encontrado: 2]
2026-09-03 22:20:34.190 [39368c5d-b9bf-4427-acdb-dc3d0d003c04] WARN  o.s.w.s.m.m.a.ExceptionHandlerExceptionResolver - Resolved [pe.edu.upeu.bomerp.exception.ResourceNotFoundException: Producto no encontrado: 3]
2026-09-03 22:25:34.017 [b395bb3b-a415-4340-9e0d-6d12d90daf72] WARN  o.s.w.s.m.m.a.ExceptionHandlerExceptionResolver - Resolved [pe.edu.upeu.bomerp.exception.SolvenciaInsuficienteException: RN-FIN-01: El monto total de la rendición (S/ 1500.00) supera la solvencia/saldo disponible de Caja Chica (S/ 600.00)]
2026-09-03 22:32:34.201 [] INFO  o.s.b.d.a.LocalDevToolsAutoConfiguration$RestartingClassPathChangeChangedEventListener - Restarting due to 88 class path changes (0 additions, 88 deletions, 0 modifications)
2026-09-03 22:32:34.203 [] INFO  o.s.boot.tomcat.GracefulShutdown - Commencing graceful shutdown. Waiting for active requests to complete
2026-09-03 22:32:34.206 [] INFO  o.s.boot.tomcat.GracefulShutdown - Graceful shutdown complete
2026-09-03 22:32:34.208 [] INFO  o.s.o.j.LocalContainerEntityManagerFactoryBean - Closing JPA EntityManagerFactory for persistence unit 'default'
2026-09-03 22:32:34.211 [] WARN  o.s.b.f.s.DisposableBeanAdapter - Invocation of destroy method failed on bean with name 'inMemoryDatabaseShutdownExecutor': org.h2.jdbc.JdbcSQLNonTransientConnectionException: La base de datos ya esta cerrada (para des-habilitar el cerrado automatico durante el shutdown de la VM, agregue ";DB_CLOSE_ON_EXIT=FALSE" a la URL de conexión)
Database is already closed (to disable automatic closing at VM shutdown, add ";DB_CLOSE_ON_EXIT=FALSE" to the db URL) [90121-240]
2026-09-03 22:32:34.212 [] INFO  com.zaxxer.hikari.HikariDataSource - HikariPool-9 - Shutdown initiated...
2026-09-03 22:32:34.213 [] INFO  com.zaxxer.hikari.HikariDataSource - HikariPool-9 - Shutdown completed.
2026-09-03 22:32:34.316 [] INFO  p.e.u.b.BomerpBackendApplication - Starting BomerpBackendApplication using Java 24.0.2 with PID 32584 (E:\repoprofe\bomerp-backend\target\classes started by PC in E:\repoprofe\bomerp-backend)
2026-09-03 22:32:34.316 [] DEBUG p.e.u.b.BomerpBackendApplication - Running with Spring Boot v4.0.7, Spring v7.0.8
2026-09-03 22:32:34.316 [] INFO  p.e.u.b.BomerpBackendApplication - The following 1 profile is active: "h2"
2026-09-03 22:32:34.549 [] INFO  o.s.d.r.c.RepositoryConfigurationDelegate - Bootstrapping Spring Data JPA repositories in DEFAULT mode.
2026-09-03 22:32:34.554 [] INFO  o.s.d.r.c.RepositoryConfigurationDelegate - Finished Spring Data repository scanning in 3 ms. Found 0 JPA repository interfaces.
2026-09-03 22:32:34.648 [] INFO  o.s.boot.tomcat.TomcatWebServer - Tomcat initialized with port 8080 (http)
2026-09-03 22:32:34.651 [] INFO  o.a.catalina.core.StandardService - Starting service [Tomcat]
2026-09-03 22:32:34.651 [] INFO  o.a.catalina.core.StandardEngine - Starting Servlet engine: [Apache Tomcat/11.0.22]
2026-09-03 22:32:34.669 [] INFO  o.s.b.w.c.s.WebApplicationContextInitializer - Root WebApplicationContext: initialization completed in 351 ms
2026-09-03 22:32:34.749 [] INFO  org.hibernate.orm.jpa - HHH008540: Processing PersistenceUnitInfo [name: default]
2026-09-03 22:32:34.776 [] INFO  o.s.o.j.p.SpringPersistenceUnitInfo - No LoadTimeWeaver setup: ignoring JPA class transformer
2026-09-03 22:32:34.777 [] INFO  com.zaxxer.hikari.HikariDataSource - HikariPool-10 - Starting...
2026-09-03 22:32:34.780 [] INFO  com.zaxxer.hikari.pool.HikariPool - HikariPool-10 - Added connection conn76: url=jdbc:h2:mem:bomerp_db user=SA
2026-09-03 22:32:34.780 [] INFO  com.zaxxer.hikari.HikariDataSource - HikariPool-10 - Start completed.
2026-09-03 22:32:34.780 [] INFO  o.hibernate.orm.connections.pooling - HHH10001005: Database info:
	Database JDBC URL [jdbc:h2:mem:bomerp_db]
	Database driver: H2 JDBC Driver
	Database dialect: H2Dialect
	Database version: 2.4.240
	Default catalog/schema: BOMERP_DB/PUBLIC
	Autocommit mode: undefined/unknown
	Isolation level: READ_COMMITTED [default READ_COMMITTED]
	JDBC fetch size: 100
	Pool: DataSourceConnectionProvider
	Minimum pool size: undefined/unknown
	Maximum pool size: undefined/unknown
2026-09-03 22:32:34.796 [] INFO  org.hibernate.orm.core - HHH000489: No JTA platform available (set 'hibernate.transaction.jta.platform' to enable JTA platform integration)
2026-09-03 22:32:34.797 [] INFO  o.s.o.j.LocalContainerEntityManagerFactoryBean - Initialized JPA EntityManagerFactory for persistence unit 'default'
2026-09-03 22:32:35.102 [] INFO  o.s.b.a.e.web.EndpointLinksResolver - Exposing 3 endpoints beneath base path '/actuator'
2026-09-03 22:32:35.121 [] INFO  o.s.boot.tomcat.TomcatWebServer - Tomcat started on port 8080 (http) with context path '/'
2026-09-03 22:32:35.126 [] INFO  o.s.s.config.TaskSchedulerRouter - No TaskScheduler/ScheduledExecutorService bean found for scheduled processing
2026-09-03 22:32:35.128 [] INFO  p.e.u.b.BomerpBackendApplication - Started BomerpBackendApplication in 0.846 seconds (process running for 1474.25)
2026-09-03 22:32:35.129 [] WARN  o.s.c.events.SpringDocAppInitializer - SpringDoc /v3/api-docs endpoint is enabled by default. To disable it in production, set the property 'springdoc.api-docs.enabled=false'
2026-09-03 22:32:35.130 [] WARN  o.s.c.events.SpringDocAppInitializer - SpringDoc /swagger-ui.html endpoint is enabled by default. To disable it in production, set the property 'springdoc.swagger-ui.enabled=false'
2026-09-03 22:32:35.130 [] INFO  o.s.b.d.a.ConditionEvaluationDeltaLoggingListener - Condition evaluation unchanged
2026-09-03 22:32:37.895 [] INFO  o.s.b.d.a.LocalDevToolsAutoConfiguration$RestartingClassPathChangeChangedEventListener - Restarting due to 87 class path changes (87 additions, 0 deletions, 0 modifications)
2026-09-03 22:32:37.897 [] INFO  o.s.boot.tomcat.GracefulShutdown - Commencing graceful shutdown. Waiting for active requests to complete
2026-09-03 22:32:37.899 [] INFO  o.s.boot.tomcat.GracefulShutdown - Graceful shutdown complete
2026-09-03 22:32:37.902 [] INFO  o.s.o.j.LocalContainerEntityManagerFactoryBean - Closing JPA EntityManagerFactory for persistence unit 'default'
2026-09-03 22:32:37.902 [] WARN  o.s.b.f.s.DisposableBeanAdapter - Invocation of destroy method failed on bean with name 'inMemoryDatabaseShutdownExecutor': org.h2.jdbc.JdbcSQLNonTransientConnectionException: La base de datos ya esta cerrada (para des-habilitar el cerrado automatico durante el shutdown de la VM, agregue ";DB_CLOSE_ON_EXIT=FALSE" a la URL de conexión)
Database is already closed (to disable automatic closing at VM shutdown, add ";DB_CLOSE_ON_EXIT=FALSE" to the db URL) [90121-240]
2026-09-03 22:32:37.903 [] INFO  com.zaxxer.hikari.HikariDataSource - HikariPool-10 - Shutdown initiated...
2026-09-03 22:32:37.903 [] INFO  com.zaxxer.hikari.HikariDataSource - HikariPool-10 - Shutdown completed.
2026-09-03 22:32:37.973 [] INFO  p.e.u.b.BomerpBackendApplication - Starting BomerpBackendApplication using Java 24.0.2 with PID 32584 (E:\repoprofe\bomerp-backend\target\classes started by PC in E:\repoprofe\bomerp-backend)
2026-09-03 22:32:37.973 [] DEBUG p.e.u.b.BomerpBackendApplication - Running with Spring Boot v4.0.7, Spring v7.0.8
2026-09-03 22:32:37.973 [] INFO  p.e.u.b.BomerpBackendApplication - The following 1 profile is active: "h2"
2026-09-03 22:32:38.120 [] INFO  o.s.d.r.c.RepositoryConfigurationDelegate - Bootstrapping Spring Data JPA repositories in DEFAULT mode.
2026-09-03 22:32:38.138 [] INFO  o.s.d.r.c.RepositoryConfigurationDelegate - Finished Spring Data repository scanning in 17 ms. Found 7 JPA repository interfaces.
2026-09-03 22:32:38.208 [] INFO  o.s.boot.tomcat.TomcatWebServer - Tomcat initialized with port 8080 (http)
2026-09-03 22:32:38.208 [] INFO  o.a.catalina.core.StandardService - Starting service [Tomcat]
2026-09-03 22:32:38.208 [] INFO  o.a.catalina.core.StandardEngine - Starting Servlet engine: [Apache Tomcat/11.0.22]
2026-09-03 22:32:38.221 [] INFO  o.s.b.w.c.s.WebApplicationContextInitializer - Root WebApplicationContext: initialization completed in 246 ms
2026-09-03 22:32:38.246 [] DEBUG p.e.u.b.filter.CorrelationIdFilter - Filter 'correlationIdFilter' configured for use
2026-09-03 22:32:38.262 [] INFO  org.hibernate.orm.jpa - HHH008540: Processing PersistenceUnitInfo [name: default]
2026-09-03 22:32:38.274 [] INFO  o.s.o.j.p.SpringPersistenceUnitInfo - No LoadTimeWeaver setup: ignoring JPA class transformer
2026-09-03 22:32:38.275 [] INFO  com.zaxxer.hikari.HikariDataSource - HikariPool-11 - Starting...
2026-09-03 22:32:38.277 [] INFO  com.zaxxer.hikari.pool.HikariPool - HikariPool-11 - Added connection conn86: url=jdbc:h2:mem:bomerp_db user=SA
2026-09-03 22:32:38.277 [] INFO  com.zaxxer.hikari.HikariDataSource - HikariPool-11 - Start completed.
2026-09-03 22:32:38.278 [] INFO  o.hibernate.orm.connections.pooling - HHH10001005: Database info:
	Database JDBC URL [jdbc:h2:mem:bomerp_db]
	Database driver: H2 JDBC Driver
	Database dialect: H2Dialect
	Database version: 2.4.240
	Default catalog/schema: BOMERP_DB/PUBLIC
	Autocommit mode: undefined/unknown
	Isolation level: READ_COMMITTED [default READ_COMMITTED]
	JDBC fetch size: 100
	Pool: DataSourceConnectionProvider
	Minimum pool size: undefined/unknown
	Maximum pool size: undefined/unknown
2026-09-03 22:32:38.335 [] INFO  org.hibernate.orm.core - HHH000489: No JTA platform available (set 'hibernate.transaction.jta.platform' to enable JTA platform integration)
2026-09-03 22:32:38.344 [] INFO  o.s.o.j.LocalContainerEntityManagerFactoryBean - Initialized JPA EntityManagerFactory for persistence unit 'default'
2026-09-03 22:32:38.385 [] WARN  o.s.b.w.s.s.c.AnnotationConfigServletWebServerApplicationContext - Exception encountered during context initialization - cancelling refresh attempt: org.springframework.beans.factory.UnsatisfiedDependencyException: Error creating bean with name 'categoriaController' defined in file [E:\repoprofe\bomerp-backend\target\classes\pe\edu\upeu\bomerp\catalogo\categoria\controller\CategoriaController.class]: Unsatisfied dependency expressed through constructor parameter 0: Error creating bean with name 'categoriaServiceImpl' defined in file [E:\repoprofe\bomerp-backend\target\classes\pe\edu\upeu\bomerp\catalogo\categoria\service\CategoriaServiceImpl.class]: Unsatisfied dependency expressed through constructor parameter 1: No qualifying bean of type 'pe.edu.upeu.bomerp.catalogo.categoria.mapper.CategoriaMapper' available: expected at least 1 bean which qualifies as autowire candidate. Dependency annotations: {}
2026-09-03 22:32:38.385 [] INFO  o.s.o.j.LocalContainerEntityManagerFactoryBean - Closing JPA EntityManagerFactory for persistence unit 'default'
2026-09-03 22:32:38.386 [] WARN  o.s.b.f.s.DisposableBeanAdapter - Invocation of destroy method failed on bean with name 'inMemoryDatabaseShutdownExecutor': org.h2.jdbc.JdbcSQLNonTransientConnectionException: La base de datos ya esta cerrada (para des-habilitar el cerrado automatico durante el shutdown de la VM, agregue ";DB_CLOSE_ON_EXIT=FALSE" a la URL de conexión)
Database is already closed (to disable automatic closing at VM shutdown, add ";DB_CLOSE_ON_EXIT=FALSE" to the db URL) [90121-240]
2026-09-03 22:32:38.387 [] INFO  com.zaxxer.hikari.HikariDataSource - HikariPool-11 - Shutdown initiated...
2026-09-03 22:32:38.410 [] INFO  com.zaxxer.hikari.HikariDataSource - HikariPool-11 - Shutdown completed.
2026-09-03 22:32:38.410 [] INFO  o.a.catalina.core.StandardService - Stopping service [Tomcat]
2026-09-03 22:32:38.413 [] INFO  o.s.b.a.l.ConditionEvaluationReportLogger - 

Error starting ApplicationContext. To display the condition evaluation report re-run your application with 'debug' enabled.
2026-09-03 22:32:38.417 [] ERROR o.s.b.d.LoggingFailureAnalysisReporter - 

***************************
APPLICATION FAILED TO START
***************************

Description:

Parameter 1 of constructor in pe.edu.upeu.bomerp.catalogo.categoria.service.CategoriaServiceImpl required a bean of type 'pe.edu.upeu.bomerp.catalogo.categoria.mapper.CategoriaMapper' that could not be found.


Action:

Consider defining a bean of type 'pe.edu.upeu.bomerp.catalogo.categoria.mapper.CategoriaMapper' in your configuration.

2026-09-03 22:32:39.354 [] INFO  p.e.u.b.f.s.RendicionCajaChicaServiceTest$TransaccionAtomicaTests - Starting RendicionCajaChicaServiceTest.TransaccionAtomicaTests using Java 24.0.2 with PID 11244 (started by PC in E:\repoprofe\bomerp-backend)
2026-09-03 22:32:39.355 [] DEBUG p.e.u.b.f.s.RendicionCajaChicaServiceTest$TransaccionAtomicaTests - Running with Spring Boot v4.0.7, Spring v7.0.8
2026-09-03 22:32:39.355 [] INFO  p.e.u.b.f.s.RendicionCajaChicaServiceTest$TransaccionAtomicaTests - The following 1 profile is active: "h2"
2026-09-03 22:32:40.212 [] INFO  o.s.d.r.c.RepositoryConfigurationDelegate - Bootstrapping Spring Data JPA repositories in DEFAULT mode.
2026-09-03 22:32:40.282 [] INFO  o.s.d.r.c.RepositoryConfigurationDelegate - Finished Spring Data repository scanning in 61 ms. Found 7 JPA repository interfaces.
2026-09-03 22:32:41.162 [] INFO  org.hibernate.orm.jpa - HHH008540: Processing PersistenceUnitInfo [name: default]
2026-09-03 22:32:41.215 [] INFO  org.hibernate.orm.core - HHH000001: Hibernate ORM core version 7.2.19.Final
2026-09-03 22:32:41.476 [] INFO  o.s.o.j.p.SpringPersistenceUnitInfo - No LoadTimeWeaver setup: ignoring JPA class transformer
2026-09-03 22:32:41.498 [] INFO  com.zaxxer.hikari.HikariDataSource - HikariPool-1 - Starting...
2026-09-03 22:32:41.729 [] INFO  com.zaxxer.hikari.pool.HikariPool - HikariPool-1 - Added connection conn0: url=jdbc:h2:mem:bomerp_db user=SA
2026-09-03 22:32:41.730 [] INFO  com.zaxxer.hikari.HikariDataSource - HikariPool-1 - Start completed.
2026-09-03 22:32:41.775 [] INFO  o.hibernate.orm.connections.pooling - HHH10001005: Database info:
	Database JDBC URL [jdbc:h2:mem:bomerp_db]
	Database driver: H2 JDBC Driver
	Database dialect: H2Dialect
	Database version: 2.4.240
	Default catalog/schema: BOMERP_DB/PUBLIC
	Autocommit mode: undefined/unknown
	Isolation level: READ_COMMITTED [default READ_COMMITTED]
	JDBC fetch size: 100
	Pool: DataSourceConnectionProvider
	Minimum pool size: undefined/unknown
	Maximum pool size: undefined/unknown
2026-09-03 22:32:42.397 [] INFO  org.hibernate.orm.core - HHH000489: No JTA platform available (set 'hibernate.transaction.jta.platform' to enable JTA platform integration)
2026-09-03 22:32:42.445 [] INFO  o.s.o.j.LocalContainerEntityManagerFactoryBean - Initialized JPA EntityManagerFactory for persistence unit 'default'
2026-09-03 22:32:42.521 [] INFO  o.s.d.j.r.q.QueryEnhancerFactories - Hibernate is in classpath; If applicable, HQL parser will be used.
2026-09-03 22:32:42.596 [] WARN  o.s.w.c.s.GenericWebApplicationContext - Exception encountered during context initialization - cancelling refresh attempt: org.springframework.beans.factory.UnsatisfiedDependencyException: Error creating bean with name 'categoriaController' defined in file [E:\repoprofe\bomerp-backend\target\classes\pe\edu\upeu\bomerp\catalogo\categoria\controller\CategoriaController.class]: Unsatisfied dependency expressed through constructor parameter 0: Error creating bean with name 'categoriaServiceImpl' defined in file [E:\repoprofe\bomerp-backend\target\classes\pe\edu\upeu\bomerp\catalogo\categoria\service\CategoriaServiceImpl.class]: Unsatisfied dependency expressed through constructor parameter 1: No qualifying bean of type 'pe.edu.upeu.bomerp.catalogo.categoria.mapper.CategoriaMapper' available: expected at least 1 bean which qualifies as autowire candidate. Dependency annotations: {}
2026-09-03 22:32:42.596 [] INFO  o.s.o.j.LocalContainerEntityManagerFactoryBean - Closing JPA EntityManagerFactory for persistence unit 'default'
2026-09-03 22:32:42.603 [] INFO  com.zaxxer.hikari.HikariDataSource - HikariPool-1 - Shutdown initiated...
2026-09-03 22:32:42.605 [] INFO  com.zaxxer.hikari.HikariDataSource - HikariPool-1 - Shutdown completed.
2026-09-03 22:32:42.621 [] INFO  o.s.b.a.l.ConditionEvaluationReportLogger - 

Error starting ApplicationContext. To display the condition evaluation report re-run your application with 'debug' enabled.
2026-09-03 22:32:42.644 [] ERROR o.s.b.d.LoggingFailureAnalysisReporter - 

***************************
APPLICATION FAILED TO START
***************************

Description:

Parameter 1 of constructor in pe.edu.upeu.bomerp.catalogo.categoria.service.CategoriaServiceImpl required a bean of type 'pe.edu.upeu.bomerp.catalogo.categoria.mapper.CategoriaMapper' that could not be found.


Action:

Consider defining a bean of type 'pe.edu.upeu.bomerp.catalogo.categoria.mapper.CategoriaMapper' in your configuration.

2026-09-03 22:32:42.647 [] WARN  o.s.test.context.TestContextManager - Caught exception while allowing TestExecutionListener [org.springframework.test.context.web.ServletTestExecutionListener] to prepare test instance [pe.edu.upeu.bomerp.finanzas.service.RendicionCajaChicaServiceTest@701c092c]
java.lang.IllegalStateException: Failed to load ApplicationContext for [WebMergedContextConfiguration@7ca46aaf testClass = pe.edu.upeu.bomerp.finanzas.service.RendicionCajaChicaServiceTest.TransaccionAtomicaTests, locations = [], classes = [pe.edu.upeu.bomerp.BomerpBackendApplication], contextInitializerClasses = [], activeProfiles = [], propertySourceDescriptors = [], propertySourceProperties = ["org.springframework.boot.test.context.SpringBootTestContextBootstrapper=true"], contextCustomizers = [org.springframework.boot.web.server.context.SpringBootTestRandomPortContextCustomizer@7651218e, org.springframework.boot.test.context.PropertyMappingContextCustomizer@0, org.springframework.boot.test.context.filter.ExcludeFilterContextCustomizer@743cb8e0, org.springframework.boot.test.json.DuplicateJsonObjectContextCustomizerFactory$DuplicateJsonObjectContextCustomizer@72bd06ca, org.springframework.boot.test.autoconfigure.OnFailureConditionReportContextCustomizerFactory$OnFailureConditionReportContextCustomizer@4fe89c24, org.springframework.test.context.bean.override.BeanOverrideContextCustomizer@2f5835cc, org.springframework.test.context.support.DynamicPropertiesContextCustomizer@0, org.springframework.boot.micrometer.metrics.test.autoconfigure.MetricsContextCustomizerFactory$DisableMetricsExportContextCustomizer@1f, org.springframework.boot.webmvc.test.autoconfigure.WebDriverContextCustomizer@66629f63, org.springframework.boot.test.context.SpringBootTestAnnotation@38cae808], resourceBasePath = "src/main/webapp", contextLoader = org.springframework.boot.test.context.SpringBootContextLoader, parent = null]
	at org.springframework.test.context.cache.DefaultCacheAwareContextLoaderDelegate.lambda$loadContext$0(DefaultCacheAwareContextLoaderDelegate.java:195)
	at org.springframework.test.context.cache.DefaultContextCache.put(DefaultContextCache.java:214)
	at org.springframework.test.context.cache.DefaultCacheAwareContextLoaderDelegate.loadContext(DefaultCacheAwareContextLoaderDelegate.java:160)
	at org.springframework.test.context.support.DefaultTestContext.getApplicationContext(DefaultTestContext.java:128)
	at org.springframework.test.context.web.ServletTestExecutionListener.setUpRequestContextIfNecessary(ServletTestExecutionListener.java:200)
	at org.springframework.test.context.web.ServletTestExecutionListener.prepareTestInstance(ServletTestExecutionListener.java:139)
	at org.springframework.test.context.TestContextManager.prepareTestInstance(TestContextManager.java:260)
	at org.springframework.test.context.junit.jupiter.SpringExtension.postProcessTestInstance(SpringExtension.java:242)
	at org.junit.jupiter.engine.descriptor.ClassBasedTestDescriptor.lambda$invokeTestInstancePostProcessors$1(ClassBasedTestDescriptor.java:423)
	at org.junit.jupiter.engine.descriptor.ClassBasedTestDescriptor.executeAndMaskThrowable(ClassBasedTestDescriptor.java:428)
	at org.junit.jupiter.engine.descriptor.ClassBasedTestDescriptor.lambda$invokeTestInstancePostProcessors$0(ClassBasedTestDescriptor.java:422)
	at java.base/java.util.stream.ForEachOps$ForEachOp$OfRef.accept(ForEachOps.java:186)
	at java.base/java.util.stream.ReferencePipeline$3$1.accept(ReferencePipeline.java:215)
	at java.base/java.util.stream.ReferencePipeline$2$1.accept(ReferencePipeline.java:197)
	at java.base/java.util.stream.ReferencePipeline$3$1.accept(ReferencePipeline.java:215)
	at java.base/java.util.ArrayList$ArrayListSpliterator.forEachRemaining(ArrayList.java:1716)
	at java.base/java.util.stream.AbstractPipeline.copyInto(AbstractPipeline.java:570)
	at java.base/java.util.stream.AbstractPipeline.wrapAndCopyInto(AbstractPipeline.java:560)
	at java.base/java.util.stream.ForEachOps$ForEachOp.evaluateSequential(ForEachOps.java:153)
	at java.base/java.util.stream.ForEachOps$ForEachOp$OfRef.evaluateSequential(ForEachOps.java:176)
	at java.base/java.util.stream.AbstractPipeline.evaluate(AbstractPipeline.java:265)
	at java.base/java.util.stream.ReferencePipeline.forEach(ReferencePipeline.java:636)
	at org.junit.jupiter.engine.descriptor.ClassBasedTestDescriptor.invokeTestInstancePostProcessors(ClassBasedTestDescriptor.java:422)
	at org.junit.jupiter.engine.descriptor.ClassBasedTestDescriptor.lambda$instantiateAndPostProcessTestInstance$0(ClassBasedTestDescriptor.java:334)
	at org.junit.platform.engine.support.hierarchical.ThrowableCollector.execute(ThrowableCollector.java:74)
	at org.junit.jupiter.engine.descriptor.ClassBasedTestDescriptor.instantiateAndPostProcessTestInstance(ClassBasedTestDescriptor.java:333)
	at org.junit.jupiter.engine.descriptor.ClassBasedTestDescriptor.lambda$testInstancesProvider$1(ClassBasedTestDescriptor.java:322)
	at java.base/java.util.Optional.orElseGet(Optional.java:364)
	at org.junit.jupiter.engine.descriptor.ClassBasedTestDescriptor.lambda$testInstancesProvider$0(ClassBasedTestDescriptor.java:321)
	at org.junit.jupiter.engine.descriptor.NestedClassTestDescriptor.instantiateTestClass(NestedClassTestDescriptor.java:108)
	at org.junit.jupiter.engine.descriptor.ClassBasedTestDescriptor.instantiateAndPostProcessTestInstance(ClassBasedTestDescriptor.java:332)
	at org.junit.jupiter.engine.descriptor.ClassBasedTestDescriptor.lambda$testInstancesProvider$1(ClassBasedTestDescriptor.java:322)
	at java.base/java.util.Optional.orElseGet(Optional.java:364)
	at org.junit.jupiter.engine.descriptor.ClassBasedTestDescriptor.lambda$testInstancesProvider$0(ClassBasedTestDescriptor.java:321)
	at org.junit.jupiter.engine.execution.TestInstancesProvider.getTestInstances(TestInstancesProvider.java:27)
	at org.junit.jupiter.engine.descriptor.TestMethodTestDescriptor.lambda$prepare$0(TestMethodTestDescriptor.java:127)
	at org.junit.platform.engine.support.hierarchical.ThrowableCollector.execute(ThrowableCollector.java:74)
	at org.junit.jupiter.engine.descriptor.TestMethodTestDescriptor.prepare(TestMethodTestDescriptor.java:126)
	at org.junit.jupiter.engine.descriptor.TestMethodTestDescriptor.prepare(TestMethodTestDescriptor.java:70)
	at org.junit.platform.engine.support.hierarchical.NodeTestTask.lambda$prepare$0(NodeTestTask.java:144)
	at org.junit.platform.engine.support.hierarchical.ThrowableCollector.execute(ThrowableCollector.java:74)
	at org.junit.platform.engine.support.hierarchical.NodeTestTask.prepare(NodeTestTask.java:144)
	at org.junit.platform.engine.support.hierarchical.NodeTestTask.execute(NodeTestTask.java:110)
	at java.base/java.util.ArrayList.forEach(ArrayList.java:1604)
	at org.junit.platform.engine.support.hierarchical.SameThreadHierarchicalTestExecutorService.invokeAll(SameThreadHierarchicalTestExecutorService.java:42)
	at org.junit.platform.engine.support.hierarchical.NodeTestTask.lambda$executeRecursively$2(NodeTestTask.java:180)
	at org.junit.platform.engine.support.hierarchical.ThrowableCollector.execute(ThrowableCollector.java:74)
	at org.junit.platform.engine.support.hierarchical.NodeTestTask.lambda$executeRecursively$1(NodeTestTask.java:166)
	at org.junit.platform.engine.support.hierarchical.Node.around(Node.java:138)
	at org.junit.platform.engine.support.hierarchical.NodeTestTask.lambda$executeRecursively$0(NodeTestTask.java:164)
	at org.junit.platform.engine.support.hierarchical.ThrowableCollector.execute(ThrowableCollector.java:74)
	at org.junit.platform.engine.support.hierarchical.NodeTestTask.executeRecursively(NodeTestTask.java:163)
	at org.junit.platform.engine.support.hierarchical.NodeTestTask.execute(NodeTestTask.java:116)
	at java.base/java.util.ArrayList.forEach(ArrayList.java:1604)
	at org.junit.platform.engine.support.hierarchical.SameThreadHierarchicalTestExecutorService.invokeAll(SameThreadHierarchicalTestExecutorService.java:42)
	at org.junit.platform.engine.support.hierarchical.NodeTestTask.lambda$executeRecursively$2(NodeTestTask.java:180)
	at org.junit.platform.engine.support.hierarchical.ThrowableCollector.execute(ThrowableCollector.java:74)
	at org.junit.platform.engine.support.hierarchical.NodeTestTask.lambda$executeRecursively$1(NodeTestTask.java:166)
	at org.junit.platform.engine.support.hierarchical.Node.around(Node.java:138)
	at org.junit.platform.engine.support.hierarchical.NodeTestTask.lambda$executeRecursively$0(NodeTestTask.java:164)
	at org.junit.platform.engine.support.hierarchical.ThrowableCollector.execute(ThrowableCollector.java:74)
	at org.junit.platform.engine.support.hierarchical.NodeTestTask.executeRecursively(NodeTestTask.java:163)
	at org.junit.platform.engine.support.hierarchical.NodeTestTask.execute(NodeTestTask.java:116)
	at java.base/java.util.ArrayList.forEach(ArrayList.java:1604)
	at org.junit.platform.engine.support.hierarchical.SameThreadHierarchicalTestExecutorService.invokeAll(SameThreadHierarchicalTestExecutorService.java:42)
	at org.junit.platform.engine.support.hierarchical.NodeTestTask.lambda$executeRecursively$2(NodeTestTask.java:180)
	at org.junit.platform.engine.support.hierarchical.ThrowableCollector.execute(ThrowableCollector.java:74)
	at org.junit.platform.engine.support.hierarchical.NodeTestTask.lambda$executeRecursively$1(NodeTestTask.java:166)
	at org.junit.platform.engine.support.hierarchical.Node.around(Node.java:138)
	at org.junit.platform.engine.support.hierarchical.NodeTestTask.lambda$executeRecursively$0(NodeTestTask.java:164)
	at org.junit.platform.engine.support.hierarchical.ThrowableCollector.execute(ThrowableCollector.java:74)
	at org.junit.platform.engine.support.hierarchical.NodeTestTask.executeRecursively(NodeTestTask.java:163)
	at org.junit.platform.engine.support.hierarchical.NodeTestTask.execute(NodeTestTask.java:116)
	at org.junit.platform.engine.support.hierarchical.SameThreadHierarchicalTestExecutorService.submit(SameThreadHierarchicalTestExecutorService.java:36)
	at org.junit.platform.engine.support.hierarchical.HierarchicalTestExecutor.execute(HierarchicalTestExecutor.java:52)
	at org.junit.platform.engine.support.hierarchical.HierarchicalTestEngine.execute(HierarchicalTestEngine.java:58)
	at org.junit.platform.launcher.core.EngineExecutionOrchestrator.executeEngine(EngineExecutionOrchestrator.java:246)
	at org.junit.platform.launcher.core.EngineExecutionOrchestrator.failOrExecuteEngine(EngineExecutionOrchestrator.java:218)
	at org.junit.platform.launcher.core.EngineExecutionOrchestrator.execute(EngineExecutionOrchestrator.java:179)
	at org.junit.platform.launcher.core.EngineExecutionOrchestrator.execute(EngineExecutionOrchestrator.java:108)
	at org.junit.platform.launcher.core.EngineExecutionOrchestrator.lambda$execute$0(EngineExecutionOrchestrator.java:66)
	at org.junit.platform.launcher.core.EngineExecutionOrchestrator.withInterceptedStreams(EngineExecutionOrchestrator.java:157)
	at org.junit.platform.launcher.core.EngineExecutionOrchestrator.execute(EngineExecutionOrchestrator.java:65)
	at org.junit.platform.launcher.core.DefaultLauncher.execute(DefaultLauncher.java:125)
	at org.junit.platform.launcher.core.DefaultLauncher.execute(DefaultLauncher.java:114)
	at org.junit.platform.launcher.core.DelegatingLauncher.execute(DelegatingLauncher.java:58)
	at org.junit.platform.launcher.core.InterceptingLauncher.lambda$execute$2(InterceptingLauncher.java:57)
	at org.junit.platform.launcher.core.ClasspathAlignmentCheckingLauncherInterceptor.intercept(ClasspathAlignmentCheckingLauncherInterceptor.java:25)
	at org.junit.platform.launcher.core.InterceptingLauncher.execute(InterceptingLauncher.java:56)
	at org.junit.platform.launcher.core.DelegatingLauncher.execute(DelegatingLauncher.java:58)
	at java.base/jdk.internal.reflect.DirectMethodHandleAccessor.invoke(DirectMethodHandleAccessor.java:104)
	at java.base/java.lang.reflect.Method.invoke(Method.java:565)
	at org.apache.maven.surefire.api.util.ReflectionUtils.invokeMethodWithArray(ReflectionUtils.java:125)
	at org.apache.maven.surefire.junitplatform.LauncherAdapter.executeWithCancellationToken(LauncherAdapter.java:68)
	at org.apache.maven.surefire.junitplatform.LauncherAdapter.execute(LauncherAdapter.java:54)
	at org.apache.maven.surefire.junitplatform.JUnitPlatformProvider.execute(JUnitPlatformProvider.java:203)
	at org.apache.maven.surefire.junitplatform.JUnitPlatformProvider.invokeAllTests(JUnitPlatformProvider.java:168)
	at org.apache.maven.surefire.junitplatform.JUnitPlatformProvider.invoke(JUnitPlatformProvider.java:136)
	at org.apache.maven.surefire.booter.ForkedBooter.runSuitesInProcess(ForkedBooter.java:385)
	at org.apache.maven.surefire.booter.ForkedBooter.execute(ForkedBooter.java:162)
	at org.apache.maven.surefire.booter.ForkedBooter.run(ForkedBooter.java:507)
	at org.apache.maven.surefire.booter.ForkedBooter.main(ForkedBooter.java:495)
Caused by: org.springframework.beans.factory.UnsatisfiedDependencyException: Error creating bean with name 'categoriaController' defined in file [E:\repoprofe\bomerp-backend\target\classes\pe\edu\upeu\bomerp\catalogo\categoria\controller\CategoriaController.class]: Unsatisfied dependency expressed through constructor parameter 0: Error creating bean with name 'categoriaServiceImpl' defined in file [E:\repoprofe\bomerp-backend\target\classes\pe\edu\upeu\bomerp\catalogo\categoria\service\CategoriaServiceImpl.class]: Unsatisfied dependency expressed through constructor parameter 1: No qualifying bean of type 'pe.edu.upeu.bomerp.catalogo.categoria.mapper.CategoriaMapper' available: expected at least 1 bean which qualifies as autowire candidate. Dependency annotations: {}
	at org.springframework.beans.factory.support.ConstructorResolver.createArgumentArray(ConstructorResolver.java:804)
	at org.springframework.beans.factory.support.ConstructorResolver.autowireConstructor(ConstructorResolver.java:240)
	at org.springframework.beans.factory.support.AbstractAutowireCapableBeanFactory.autowireConstructor(AbstractAutowireCapableBeanFactory.java:1380)
	at org.springframework.beans.factory.support.AbstractAutowireCapableBeanFactory.createBeanInstance(AbstractAutowireCapableBeanFactory.java:1219)
	at org.springframework.beans.factory.support.AbstractAutowireCapableBeanFactory.doCreateBean(AbstractAutowireCapableBeanFactory.java:565)
	at org.springframework.beans.factory.support.AbstractAutowireCapableBeanFactory.createBean(AbstractAutowireCapableBeanFactory.java:525)
	at org.springframework.beans.factory.support.AbstractBeanFactory.lambda$doGetBean$0(AbstractBeanFactory.java:333)
	at org.springframework.beans.factory.support.DefaultSingletonBeanRegistry.getSingleton(DefaultSingletonBeanRegistry.java:371)
	at org.springframework.beans.factory.support.AbstractBeanFactory.doGetBean(AbstractBeanFactory.java:331)
	at org.springframework.beans.factory.support.AbstractBeanFactory.getBean(AbstractBeanFactory.java:196)
	at org.springframework.beans.factory.support.DefaultListableBeanFactory.instantiateSingleton(DefaultListableBeanFactory.java:1225)
	at org.springframework.beans.factory.support.DefaultListableBeanFactory.preInstantiateSingleton(DefaultListableBeanFactory.java:1191)
	at org.springframework.beans.factory.support.DefaultListableBeanFactory.preInstantiateSingletons(DefaultListableBeanFactory.java:1121)
	at org.springframework.context.support.AbstractApplicationContext.finishBeanFactoryInitialization(AbstractApplicationContext.java:994)
	at org.springframework.context.support.AbstractApplicationContext.refresh(AbstractApplicationContext.java:621)
	at org.springframework.boot.SpringApplication.refresh(SpringApplication.java:756)
	at org.springframework.boot.SpringApplication.refreshContext(SpringApplication.java:445)
	at org.springframework.boot.SpringApplication.run(SpringApplication.java:321)
	at org.springframework.boot.test.context.SpringBootContextLoader.lambda$loadContext$2(SpringBootContextLoader.java:155)
	at org.springframework.util.function.ThrowingSupplier.get(ThrowingSupplier.java:58)
	at org.springframework.util.function.ThrowingSupplier.get(ThrowingSupplier.java:46)
	at org.springframework.boot.SpringApplication.withHook(SpringApplication.java:1465)
	at org.springframework.boot.test.context.SpringBootContextLoader$ContextLoaderHook.run(SpringBootContextLoader.java:600)
	at org.springframework.boot.test.context.SpringBootContextLoader.loadContext(SpringBootContextLoader.java:155)
	at org.springframework.boot.test.context.SpringBootContextLoader.loadContext(SpringBootContextLoader.java:114)
	at org.springframework.test.context.cache.DefaultCacheAwareContextLoaderDelegate.loadContextInternal(DefaultCacheAwareContextLoaderDelegate.java:247)
	at org.springframework.test.context.cache.DefaultCacheAwareContextLoaderDelegate.lambda$loadContext$0(DefaultCacheAwareContextLoaderDelegate.java:167)
	... 101 common frames omitted
Caused by: org.springframework.beans.factory.UnsatisfiedDependencyException: Error creating bean with name 'categoriaServiceImpl' defined in file [E:\repoprofe\bomerp-backend\target\classes\pe\edu\upeu\bomerp\catalogo\categoria\service\CategoriaServiceImpl.class]: Unsatisfied dependency expressed through constructor parameter 1: No qualifying bean of type 'pe.edu.upeu.bomerp.catalogo.categoria.mapper.CategoriaMapper' available: expected at least 1 bean which qualifies as autowire candidate. Dependency annotations: {}
	at org.springframework.beans.factory.support.ConstructorResolver.createArgumentArray(ConstructorResolver.java:804)
	at org.springframework.beans.factory.support.ConstructorResolver.autowireConstructor(ConstructorResolver.java:240)
	at org.springframework.beans.factory.support.AbstractAutowireCapableBeanFactory.autowireConstructor(AbstractAutowireCapableBeanFactory.java:1380)
	at org.springframework.beans.factory.support.AbstractAutowireCapableBeanFactory.createBeanInstance(AbstractAutowireCapableBeanFactory.java:1219)
	at org.springframework.beans.factory.support.AbstractAutowireCapableBeanFactory.doCreateBean(AbstractAutowireCapableBeanFactory.java:565)
	at org.springframework.beans.factory.support.AbstractAutowireCapableBeanFactory.createBean(AbstractAutowireCapableBeanFactory.java:525)
	at org.springframework.beans.factory.support.AbstractBeanFactory.lambda$doGetBean$0(AbstractBeanFactory.java:333)
	at org.springframework.beans.factory.support.DefaultSingletonBeanRegistry.getSingleton(DefaultSingletonBeanRegistry.java:371)
	at org.springframework.beans.factory.support.AbstractBeanFactory.doGetBean(AbstractBeanFactory.java:331)
	at org.springframework.beans.factory.support.AbstractBeanFactory.getBean(AbstractBeanFactory.java:201)
	at org.springframework.beans.factory.config.DependencyDescriptor.resolveCandidate(DependencyDescriptor.java:229)
	at org.springframework.beans.factory.support.DefaultListableBeanFactory.doResolveDependency(DefaultListableBeanFactory.java:1769)
	at org.springframework.beans.factory.support.DefaultListableBeanFactory.resolveDependency(DefaultListableBeanFactory.java:1658)
	at org.springframework.beans.factory.support.ConstructorResolver.resolveAutowiredArgument(ConstructorResolver.java:912)
	at org.springframework.beans.factory.support.ConstructorResolver.createArgumentArray(ConstructorResolver.java:791)
	... 127 common frames omitted
Caused by: org.springframework.beans.factory.NoSuchBeanDefinitionException: No qualifying bean of type 'pe.edu.upeu.bomerp.catalogo.categoria.mapper.CategoriaMapper' available: expected at least 1 bean which qualifies as autowire candidate. Dependency annotations: {}
	at org.springframework.beans.factory.support.DefaultListableBeanFactory.raiseNoMatchingBeanFound(DefaultListableBeanFactory.java:2304)
	at org.springframework.beans.factory.support.DefaultListableBeanFactory.doResolveDependency(DefaultListableBeanFactory.java:1732)
	at org.springframework.beans.factory.support.DefaultListableBeanFactory.resolveDependency(DefaultListableBeanFactory.java:1658)
	at org.springframework.beans.factory.support.ConstructorResolver.resolveAutowiredArgument(ConstructorResolver.java:912)
	at org.springframework.beans.factory.support.ConstructorResolver.createArgumentArray(ConstructorResolver.java:791)
	... 141 common frames omitted
2026-09-03 22:32:42.652 [] WARN  o.s.test.context.TestContextManager - Caught exception while allowing TestExecutionListener [org.springframework.test.context.web.ServletTestExecutionListener] to prepare test instance [pe.edu.upeu.bomerp.finanzas.service.RendicionCajaChicaServiceTest$TransaccionAtomicaTests@d4e17ec]
java.lang.IllegalStateException: ApplicationContext failure threshold (1) exceeded: skipping repeated attempt to load context for [WebMergedContextConfiguration@7ca46aaf testClass = pe.edu.upeu.bomerp.finanzas.service.RendicionCajaChicaServiceTest.TransaccionAtomicaTests, locations = [], classes = [pe.edu.upeu.bomerp.BomerpBackendApplication], contextInitializerClasses = [], activeProfiles = [], propertySourceDescriptors = [], propertySourceProperties = ["org.springframework.boot.test.context.SpringBootTestContextBootstrapper=true"], contextCustomizers = [org.springframework.boot.web.server.context.SpringBootTestRandomPortContextCustomizer@7651218e, org.springframework.boot.test.context.PropertyMappingContextCustomizer@0, org.springframework.boot.test.context.filter.ExcludeFilterContextCustomizer@743cb8e0, org.springframework.boot.test.json.DuplicateJsonObjectContextCustomizerFactory$DuplicateJsonObjectContextCustomizer@72bd06ca, org.springframework.boot.test.autoconfigure.OnFailureConditionReportContextCustomizerFactory$OnFailureConditionReportContextCustomizer@4fe89c24, org.springframework.test.context.bean.override.BeanOverrideContextCustomizer@2f5835cc, org.springframework.test.context.support.DynamicPropertiesContextCustomizer@0, org.springframework.boot.micrometer.metrics.test.autoconfigure.MetricsContextCustomizerFactory$DisableMetricsExportContextCustomizer@1f, org.springframework.boot.webmvc.test.autoconfigure.WebDriverContextCustomizer@66629f63, org.springframework.boot.test.context.SpringBootTestAnnotation@38cae808], resourceBasePath = "src/main/webapp", contextLoader = org.springframework.boot.test.context.SpringBootContextLoader, parent = null]
	at org.springframework.test.context.cache.DefaultCacheAwareContextLoaderDelegate.loadContext(DefaultCacheAwareContextLoaderDelegate.java:157)
	at org.springframework.test.context.support.DefaultTestContext.getApplicationContext(DefaultTestContext.java:128)
	at org.springframework.test.context.web.ServletTestExecutionListener.setUpRequestContextIfNecessary(ServletTestExecutionListener.java:200)
	at org.springframework.test.context.web.ServletTestExecutionListener.prepareTestInstance(ServletTestExecutionListener.java:139)
	at org.springframework.test.context.TestContextManager.prepareTestInstance(TestContextManager.java:260)
	at org.springframework.test.context.junit.jupiter.SpringExtension.postProcessTestInstance(SpringExtension.java:242)
	at org.junit.jupiter.engine.descriptor.ClassBasedTestDescriptor.lambda$invokeTestInstancePostProcessors$1(ClassBasedTestDescriptor.java:423)
	at org.junit.jupiter.engine.descriptor.ClassBasedTestDescriptor.executeAndMaskThrowable(ClassBasedTestDescriptor.java:428)
	at org.junit.jupiter.engine.descriptor.ClassBasedTestDescriptor.lambda$invokeTestInstancePostProcessors$0(ClassBasedTestDescriptor.java:422)
	at java.base/java.util.stream.ForEachOps$ForEachOp$OfRef.accept(ForEachOps.java:186)
	at java.base/java.util.stream.ReferencePipeline$3$1.accept(ReferencePipeline.java:215)
	at java.base/java.util.stream.ReferencePipeline$2$1.accept(ReferencePipeline.java:197)
	at java.base/java.util.stream.ReferencePipeline$3$1.accept(ReferencePipeline.java:215)
	at java.base/java.util.ArrayList$ArrayListSpliterator.forEachRemaining(ArrayList.java:1716)
	at java.base/java.util.stream.AbstractPipeline.copyInto(AbstractPipeline.java:570)
	at java.base/java.util.stream.AbstractPipeline.wrapAndCopyInto(AbstractPipeline.java:560)
	at java.base/java.util.stream.ForEachOps$ForEachOp.evaluateSequential(ForEachOps.java:153)
	at java.base/java.util.stream.ForEachOps$ForEachOp$OfRef.evaluateSequential(ForEachOps.java:176)
	at java.base/java.util.stream.AbstractPipeline.evaluate(AbstractPipeline.java:265)
	at java.base/java.util.stream.ReferencePipeline.forEach(ReferencePipeline.java:636)
	at org.junit.jupiter.engine.descriptor.ClassBasedTestDescriptor.invokeTestInstancePostProcessors(ClassBasedTestDescriptor.java:422)
	at org.junit.jupiter.engine.descriptor.ClassBasedTestDescriptor.lambda$instantiateAndPostProcessTestInstance$0(ClassBasedTestDescriptor.java:334)
	at org.junit.platform.engine.support.hierarchical.ThrowableCollector.execute(ThrowableCollector.java:74)
	at org.junit.jupiter.engine.descriptor.ClassBasedTestDescriptor.instantiateAndPostProcessTestInstance(ClassBasedTestDescriptor.java:333)
	at org.junit.jupiter.engine.descriptor.ClassBasedTestDescriptor.lambda$testInstancesProvider$1(ClassBasedTestDescriptor.java:322)
	at java.base/java.util.Optional.orElseGet(Optional.java:364)
	at org.junit.jupiter.engine.descriptor.ClassBasedTestDescriptor.lambda$testInstancesProvider$0(ClassBasedTestDescriptor.java:321)
	at org.junit.jupiter.engine.execution.TestInstancesProvider.getTestInstances(TestInstancesProvider.java:27)
	at org.junit.jupiter.engine.descriptor.TestMethodTestDescriptor.lambda$prepare$0(TestMethodTestDescriptor.java:127)
	at org.junit.platform.engine.support.hierarchical.ThrowableCollector.execute(ThrowableCollector.java:74)
	at org.junit.jupiter.engine.descriptor.TestMethodTestDescriptor.prepare(TestMethodTestDescriptor.java:126)
	at org.junit.jupiter.engine.descriptor.TestMethodTestDescriptor.prepare(TestMethodTestDescriptor.java:70)
	at org.junit.platform.engine.support.hierarchical.NodeTestTask.lambda$prepare$0(NodeTestTask.java:144)
	at org.junit.platform.engine.support.hierarchical.ThrowableCollector.execute(ThrowableCollector.java:74)
	at org.junit.platform.engine.support.hierarchical.NodeTestTask.prepare(NodeTestTask.java:144)
	at org.junit.platform.engine.support.hierarchical.NodeTestTask.execute(NodeTestTask.java:110)
	at java.base/java.util.ArrayList.forEach(ArrayList.java:1604)
	at org.junit.platform.engine.support.hierarchical.SameThreadHierarchicalTestExecutorService.invokeAll(SameThreadHierarchicalTestExecutorService.java:42)
	at org.junit.platform.engine.support.hierarchical.NodeTestTask.lambda$executeRecursively$2(NodeTestTask.java:180)
	at org.junit.platform.engine.support.hierarchical.ThrowableCollector.execute(ThrowableCollector.java:74)
	at org.junit.platform.engine.support.hierarchical.NodeTestTask.lambda$executeRecursively$1(NodeTestTask.java:166)
	at org.junit.platform.engine.support.hierarchical.Node.around(Node.java:138)
	at org.junit.platform.engine.support.hierarchical.NodeTestTask.lambda$executeRecursively$0(NodeTestTask.java:164)
	at org.junit.platform.engine.support.hierarchical.ThrowableCollector.execute(ThrowableCollector.java:74)
	at org.junit.platform.engine.support.hierarchical.NodeTestTask.executeRecursively(NodeTestTask.java:163)
	at org.junit.platform.engine.support.hierarchical.NodeTestTask.execute(NodeTestTask.java:116)
	at java.base/java.util.ArrayList.forEach(ArrayList.java:1604)
	at org.junit.platform.engine.support.hierarchical.SameThreadHierarchicalTestExecutorService.invokeAll(SameThreadHierarchicalTestExecutorService.java:42)
	at org.junit.platform.engine.support.hierarchical.NodeTestTask.lambda$executeRecursively$2(NodeTestTask.java:180)
	at org.junit.platform.engine.support.hierarchical.ThrowableCollector.execute(ThrowableCollector.java:74)
	at org.junit.platform.engine.support.hierarchical.NodeTestTask.lambda$executeRecursively$1(NodeTestTask.java:166)
	at org.junit.platform.engine.support.hierarchical.Node.around(Node.java:138)
	at org.junit.platform.engine.support.hierarchical.NodeTestTask.lambda$executeRecursively$0(NodeTestTask.java:164)
	at org.junit.platform.engine.support.hierarchical.ThrowableCollector.execute(ThrowableCollector.java:74)
	at org.junit.platform.engine.support.hierarchical.NodeTestTask.executeRecursively(NodeTestTask.java:163)
	at org.junit.platform.engine.support.hierarchical.NodeTestTask.execute(NodeTestTask.java:116)
	at java.base/java.util.ArrayList.forEach(ArrayList.java:1604)
	at org.junit.platform.engine.support.hierarchical.SameThreadHierarchicalTestExecutorService.invokeAll(SameThreadHierarchicalTestExecutorService.java:42)
	at org.junit.platform.engine.support.hierarchical.NodeTestTask.lambda$executeRecursively$2(NodeTestTask.java:180)
	at org.junit.platform.engine.support.hierarchical.ThrowableCollector.execute(ThrowableCollector.java:74)
	at org.junit.platform.engine.support.hierarchical.NodeTestTask.lambda$executeRecursively$1(NodeTestTask.java:166)
	at org.junit.platform.engine.support.hierarchical.Node.around(Node.java:138)
	at org.junit.platform.engine.support.hierarchical.NodeTestTask.lambda$executeRecursively$0(NodeTestTask.java:164)
	at org.junit.platform.engine.support.hierarchical.ThrowableCollector.execute(ThrowableCollector.java:74)
	at org.junit.platform.engine.support.hierarchical.NodeTestTask.executeRecursively(NodeTestTask.java:163)
	at org.junit.platform.engine.support.hierarchical.NodeTestTask.execute(NodeTestTask.java:116)
	at org.junit.platform.engine.support.hierarchical.SameThreadHierarchicalTestExecutorService.submit(SameThreadHierarchicalTestExecutorService.java:36)
	at org.junit.platform.engine.support.hierarchical.HierarchicalTestExecutor.execute(HierarchicalTestExecutor.java:52)
	at org.junit.platform.engine.support.hierarchical.HierarchicalTestEngine.execute(HierarchicalTestEngine.java:58)
	at org.junit.platform.launcher.core.EngineExecutionOrchestrator.executeEngine(EngineExecutionOrchestrator.java:246)
	at org.junit.platform.launcher.core.EngineExecutionOrchestrator.failOrExecuteEngine(EngineExecutionOrchestrator.java:218)
	at org.junit.platform.launcher.core.EngineExecutionOrchestrator.execute(EngineExecutionOrchestrator.java:179)
	at org.junit.platform.launcher.core.EngineExecutionOrchestrator.execute(EngineExecutionOrchestrator.java:108)
	at org.junit.platform.launcher.core.EngineExecutionOrchestrator.lambda$execute$0(EngineExecutionOrchestrator.java:66)
	at org.junit.platform.launcher.core.EngineExecutionOrchestrator.withInterceptedStreams(EngineExecutionOrchestrator.java:157)
	at org.junit.platform.launcher.core.EngineExecutionOrchestrator.execute(EngineExecutionOrchestrator.java:65)
	at org.junit.platform.launcher.core.DefaultLauncher.execute(DefaultLauncher.java:125)
	at org.junit.platform.launcher.core.DefaultLauncher.execute(DefaultLauncher.java:114)
	at org.junit.platform.launcher.core.DelegatingLauncher.execute(DelegatingLauncher.java:58)
	at org.junit.platform.launcher.core.InterceptingLauncher.lambda$execute$2(InterceptingLauncher.java:57)
	at org.junit.platform.launcher.core.ClasspathAlignmentCheckingLauncherInterceptor.intercept(ClasspathAlignmentCheckingLauncherInterceptor.java:25)
	at org.junit.platform.launcher.core.InterceptingLauncher.execute(InterceptingLauncher.java:56)
	at org.junit.platform.launcher.core.DelegatingLauncher.execute(DelegatingLauncher.java:58)
	at java.base/jdk.internal.reflect.DirectMethodHandleAccessor.invoke(DirectMethodHandleAccessor.java:104)
	at java.base/java.lang.reflect.Method.invoke(Method.java:565)
	at org.apache.maven.surefire.api.util.ReflectionUtils.invokeMethodWithArray(ReflectionUtils.java:125)
	at org.apache.maven.surefire.junitplatform.LauncherAdapter.executeWithCancellationToken(LauncherAdapter.java:68)
	at org.apache.maven.surefire.junitplatform.LauncherAdapter.execute(LauncherAdapter.java:54)
	at org.apache.maven.surefire.junitplatform.JUnitPlatformProvider.execute(JUnitPlatformProvider.java:203)
	at org.apache.maven.surefire.junitplatform.JUnitPlatformProvider.invokeAllTests(JUnitPlatformProvider.java:168)
	at org.apache.maven.surefire.junitplatform.JUnitPlatformProvider.invoke(JUnitPlatformProvider.java:136)
	at org.apache.maven.surefire.booter.ForkedBooter.runSuitesInProcess(ForkedBooter.java:385)
	at org.apache.maven.surefire.booter.ForkedBooter.execute(ForkedBooter.java:162)
	at org.apache.maven.surefire.booter.ForkedBooter.run(ForkedBooter.java:507)
	at org.apache.maven.surefire.booter.ForkedBooter.main(ForkedBooter.java:495)
2026-09-03 22:34:02.362 [] INFO  p.e.u.b.f.s.RendicionCajaChicaServiceTest$TransaccionAtomicaTests - Starting RendicionCajaChicaServiceTest.TransaccionAtomicaTests using Java 24.0.2 with PID 6424 (started by PC in E:\repoprofe\bomerp-backend)
2026-09-03 22:34:02.364 [] DEBUG p.e.u.b.f.s.RendicionCajaChicaServiceTest$TransaccionAtomicaTests - Running with Spring Boot v4.0.7, Spring v7.0.8
2026-09-03 22:34:02.364 [] INFO  p.e.u.b.f.s.RendicionCajaChicaServiceTest$TransaccionAtomicaTests - The following 1 profile is active: "h2"
2026-09-03 22:34:03.162 [] INFO  o.s.d.r.c.RepositoryConfigurationDelegate - Bootstrapping Spring Data JPA repositories in DEFAULT mode.
2026-09-03 22:34:03.235 [] INFO  o.s.d.r.c.RepositoryConfigurationDelegate - Finished Spring Data repository scanning in 64 ms. Found 7 JPA repository interfaces.
2026-09-03 22:34:04.130 [] INFO  org.hibernate.orm.jpa - HHH008540: Processing PersistenceUnitInfo [name: default]
2026-09-03 22:34:04.177 [] INFO  org.hibernate.orm.core - HHH000001: Hibernate ORM core version 7.2.19.Final
2026-09-03 22:34:04.476 [] INFO  o.s.o.j.p.SpringPersistenceUnitInfo - No LoadTimeWeaver setup: ignoring JPA class transformer
2026-09-03 22:34:04.499 [] INFO  com.zaxxer.hikari.HikariDataSource - HikariPool-1 - Starting...
2026-09-03 22:34:04.756 [] INFO  com.zaxxer.hikari.pool.HikariPool - HikariPool-1 - Added connection conn0: url=jdbc:h2:mem:bomerp_db user=SA
2026-09-03 22:34:04.757 [] INFO  com.zaxxer.hikari.HikariDataSource - HikariPool-1 - Start completed.
2026-09-03 22:34:04.801 [] INFO  o.hibernate.orm.connections.pooling - HHH10001005: Database info:
	Database JDBC URL [jdbc:h2:mem:bomerp_db]
	Database driver: H2 JDBC Driver
	Database dialect: H2Dialect
	Database version: 2.4.240
	Default catalog/schema: BOMERP_DB/PUBLIC
	Autocommit mode: undefined/unknown
	Isolation level: READ_COMMITTED [default READ_COMMITTED]
	JDBC fetch size: 100
	Pool: DataSourceConnectionProvider
	Minimum pool size: undefined/unknown
	Maximum pool size: undefined/unknown
2026-09-03 22:34:05.446 [] INFO  org.hibernate.orm.core - HHH000489: No JTA platform available (set 'hibernate.transaction.jta.platform' to enable JTA platform integration)
2026-09-03 22:34:05.501 [] INFO  o.s.o.j.LocalContainerEntityManagerFactoryBean - Initialized JPA EntityManagerFactory for persistence unit 'default'
2026-09-03 22:34:05.585 [] INFO  o.s.d.j.r.q.QueryEnhancerFactories - Hibernate is in classpath; If applicable, HQL parser will be used.
2026-09-03 22:34:05.662 [] WARN  o.s.w.c.s.GenericWebApplicationContext - Exception encountered during context initialization - cancelling refresh attempt: org.springframework.beans.factory.UnsatisfiedDependencyException: Error creating bean with name 'categoriaController' defined in file [E:\repoprofe\bomerp-backend\target\classes\pe\edu\upeu\bomerp\catalogo\categoria\controller\CategoriaController.class]: Unsatisfied dependency expressed through constructor parameter 0: Error creating bean with name 'categoriaServiceImpl' defined in file [E:\repoprofe\bomerp-backend\target\classes\pe\edu\upeu\bomerp\catalogo\categoria\service\CategoriaServiceImpl.class]: Unsatisfied dependency expressed through constructor parameter 1: No qualifying bean of type 'pe.edu.upeu.bomerp.catalogo.categoria.mapper.CategoriaMapper' available: expected at least 1 bean which qualifies as autowire candidate. Dependency annotations: {}
2026-09-03 22:34:05.662 [] INFO  o.s.o.j.LocalContainerEntityManagerFactoryBean - Closing JPA EntityManagerFactory for persistence unit 'default'
2026-09-03 22:34:05.669 [] INFO  com.zaxxer.hikari.HikariDataSource - HikariPool-1 - Shutdown initiated...
2026-09-03 22:34:05.671 [] INFO  com.zaxxer.hikari.HikariDataSource - HikariPool-1 - Shutdown completed.
2026-09-03 22:34:05.686 [] INFO  o.s.b.a.l.ConditionEvaluationReportLogger - 

Error starting ApplicationContext. To display the condition evaluation report re-run your application with 'debug' enabled.
2026-09-03 22:34:05.709 [] ERROR o.s.b.d.LoggingFailureAnalysisReporter - 

***************************
APPLICATION FAILED TO START
***************************

Description:

Parameter 1 of constructor in pe.edu.upeu.bomerp.catalogo.categoria.service.CategoriaServiceImpl required a bean of type 'pe.edu.upeu.bomerp.catalogo.categoria.mapper.CategoriaMapper' that could not be found.


Action:

Consider defining a bean of type 'pe.edu.upeu.bomerp.catalogo.categoria.mapper.CategoriaMapper' in your configuration.

2026-09-03 22:34:05.711 [] WARN  o.s.test.context.TestContextManager - Caught exception while allowing TestExecutionListener [org.springframework.test.context.web.ServletTestExecutionListener] to prepare test instance [pe.edu.upeu.bomerp.finanzas.service.RendicionCajaChicaServiceTest@701c092c]
java.lang.IllegalStateException: Failed to load ApplicationContext for [WebMergedContextConfiguration@7ca46aaf testClass = pe.edu.upeu.bomerp.finanzas.service.RendicionCajaChicaServiceTest.TransaccionAtomicaTests, locations = [], classes = [pe.edu.upeu.bomerp.BomerpBackendApplication], contextInitializerClasses = [], activeProfiles = [], propertySourceDescriptors = [], propertySourceProperties = ["org.springframework.boot.test.context.SpringBootTestContextBootstrapper=true"], contextCustomizers = [org.springframework.boot.web.server.context.SpringBootTestRandomPortContextCustomizer@7651218e, org.springframework.boot.test.context.PropertyMappingContextCustomizer@0, org.springframework.boot.test.context.filter.ExcludeFilterContextCustomizer@743cb8e0, org.springframework.boot.test.json.DuplicateJsonObjectContextCustomizerFactory$DuplicateJsonObjectContextCustomizer@72bd06ca, org.springframework.boot.test.autoconfigure.OnFailureConditionReportContextCustomizerFactory$OnFailureConditionReportContextCustomizer@4fe89c24, org.springframework.test.context.bean.override.BeanOverrideContextCustomizer@2f5835cc, org.springframework.test.context.support.DynamicPropertiesContextCustomizer@0, org.springframework.boot.micrometer.metrics.test.autoconfigure.MetricsContextCustomizerFactory$DisableMetricsExportContextCustomizer@1f, org.springframework.boot.webmvc.test.autoconfigure.WebDriverContextCustomizer@66629f63, org.springframework.boot.test.context.SpringBootTestAnnotation@38cae808], resourceBasePath = "src/main/webapp", contextLoader = org.springframework.boot.test.context.SpringBootContextLoader, parent = null]
	at org.springframework.test.context.cache.DefaultCacheAwareContextLoaderDelegate.lambda$loadContext$0(DefaultCacheAwareContextLoaderDelegate.java:195)
	at org.springframework.test.context.cache.DefaultContextCache.put(DefaultContextCache.java:214)
	at org.springframework.test.context.cache.DefaultCacheAwareContextLoaderDelegate.loadContext(DefaultCacheAwareContextLoaderDelegate.java:160)
	at org.springframework.test.context.support.DefaultTestContext.getApplicationContext(DefaultTestContext.java:128)
	at org.springframework.test.context.web.ServletTestExecutionListener.setUpRequestContextIfNecessary(ServletTestExecutionListener.java:200)
	at org.springframework.test.context.web.ServletTestExecutionListener.prepareTestInstance(ServletTestExecutionListener.java:139)
	at org.springframework.test.context.TestContextManager.prepareTestInstance(TestContextManager.java:260)
	at org.springframework.test.context.junit.jupiter.SpringExtension.postProcessTestInstance(SpringExtension.java:242)
	at org.junit.jupiter.engine.descriptor.ClassBasedTestDescriptor.lambda$invokeTestInstancePostProcessors$1(ClassBasedTestDescriptor.java:423)
	at org.junit.jupiter.engine.descriptor.ClassBasedTestDescriptor.executeAndMaskThrowable(ClassBasedTestDescriptor.java:428)
	at org.junit.jupiter.engine.descriptor.ClassBasedTestDescriptor.lambda$invokeTestInstancePostProcessors$0(ClassBasedTestDescriptor.java:422)
	at java.base/java.util.stream.ForEachOps$ForEachOp$OfRef.accept(ForEachOps.java:186)
	at java.base/java.util.stream.ReferencePipeline$3$1.accept(ReferencePipeline.java:215)
	at java.base/java.util.stream.ReferencePipeline$2$1.accept(ReferencePipeline.java:197)
	at java.base/java.util.stream.ReferencePipeline$3$1.accept(ReferencePipeline.java:215)
	at java.base/java.util.ArrayList$ArrayListSpliterator.forEachRemaining(ArrayList.java:1716)
	at java.base/java.util.stream.AbstractPipeline.copyInto(AbstractPipeline.java:570)
	at java.base/java.util.stream.AbstractPipeline.wrapAndCopyInto(AbstractPipeline.java:560)
	at java.base/java.util.stream.ForEachOps$ForEachOp.evaluateSequential(ForEachOps.java:153)
	at java.base/java.util.stream.ForEachOps$ForEachOp$OfRef.evaluateSequential(ForEachOps.java:176)
	at java.base/java.util.stream.AbstractPipeline.evaluate(AbstractPipeline.java:265)
	at java.base/java.util.stream.ReferencePipeline.forEach(ReferencePipeline.java:636)
	at org.junit.jupiter.engine.descriptor.ClassBasedTestDescriptor.invokeTestInstancePostProcessors(ClassBasedTestDescriptor.java:422)
	at org.junit.jupiter.engine.descriptor.ClassBasedTestDescriptor.lambda$instantiateAndPostProcessTestInstance$0(ClassBasedTestDescriptor.java:334)
	at org.junit.platform.engine.support.hierarchical.ThrowableCollector.execute(ThrowableCollector.java:74)
	at org.junit.jupiter.engine.descriptor.ClassBasedTestDescriptor.instantiateAndPostProcessTestInstance(ClassBasedTestDescriptor.java:333)
	at org.junit.jupiter.engine.descriptor.ClassBasedTestDescriptor.lambda$testInstancesProvider$1(ClassBasedTestDescriptor.java:322)
	at java.base/java.util.Optional.orElseGet(Optional.java:364)
	at org.junit.jupiter.engine.descriptor.ClassBasedTestDescriptor.lambda$testInstancesProvider$0(ClassBasedTestDescriptor.java:321)
	at org.junit.jupiter.engine.descriptor.NestedClassTestDescriptor.instantiateTestClass(NestedClassTestDescriptor.java:108)
	at org.junit.jupiter.engine.descriptor.ClassBasedTestDescriptor.instantiateAndPostProcessTestInstance(ClassBasedTestDescriptor.java:332)
	at org.junit.jupiter.engine.descriptor.ClassBasedTestDescriptor.lambda$testInstancesProvider$1(ClassBasedTestDescriptor.java:322)
	at java.base/java.util.Optional.orElseGet(Optional.java:364)
	at org.junit.jupiter.engine.descriptor.ClassBasedTestDescriptor.lambda$testInstancesProvider$0(ClassBasedTestDescriptor.java:321)
	at org.junit.jupiter.engine.execution.TestInstancesProvider.getTestInstances(TestInstancesProvider.java:27)
	at org.junit.jupiter.engine.descriptor.TestMethodTestDescriptor.lambda$prepare$0(TestMethodTestDescriptor.java:127)
	at org.junit.platform.engine.support.hierarchical.ThrowableCollector.execute(ThrowableCollector.java:74)
	at org.junit.jupiter.engine.descriptor.TestMethodTestDescriptor.prepare(TestMethodTestDescriptor.java:126)
	at org.junit.jupiter.engine.descriptor.TestMethodTestDescriptor.prepare(TestMethodTestDescriptor.java:70)
	at org.junit.platform.engine.support.hierarchical.NodeTestTask.lambda$prepare$0(NodeTestTask.java:144)
	at org.junit.platform.engine.support.hierarchical.ThrowableCollector.execute(ThrowableCollector.java:74)
	at org.junit.platform.engine.support.hierarchical.NodeTestTask.prepare(NodeTestTask.java:144)
	at org.junit.platform.engine.support.hierarchical.NodeTestTask.execute(NodeTestTask.java:110)
	at java.base/java.util.ArrayList.forEach(ArrayList.java:1604)
	at org.junit.platform.engine.support.hierarchical.SameThreadHierarchicalTestExecutorService.invokeAll(SameThreadHierarchicalTestExecutorService.java:42)
	at org.junit.platform.engine.support.hierarchical.NodeTestTask.lambda$executeRecursively$2(NodeTestTask.java:180)
	at org.junit.platform.engine.support.hierarchical.ThrowableCollector.execute(ThrowableCollector.java:74)
	at org.junit.platform.engine.support.hierarchical.NodeTestTask.lambda$executeRecursively$1(NodeTestTask.java:166)
	at org.junit.platform.engine.support.hierarchical.Node.around(Node.java:138)
	at org.junit.platform.engine.support.hierarchical.NodeTestTask.lambda$executeRecursively$0(NodeTestTask.java:164)
	at org.junit.platform.engine.support.hierarchical.ThrowableCollector.execute(ThrowableCollector.java:74)
	at org.junit.platform.engine.support.hierarchical.NodeTestTask.executeRecursively(NodeTestTask.java:163)
	at org.junit.platform.engine.support.hierarchical.NodeTestTask.execute(NodeTestTask.java:116)
	at java.base/java.util.ArrayList.forEach(ArrayList.java:1604)
	at org.junit.platform.engine.support.hierarchical.SameThreadHierarchicalTestExecutorService.invokeAll(SameThreadHierarchicalTestExecutorService.java:42)
	at org.junit.platform.engine.support.hierarchical.NodeTestTask.lambda$executeRecursively$2(NodeTestTask.java:180)
	at org.junit.platform.engine.support.hierarchical.ThrowableCollector.execute(ThrowableCollector.java:74)
	at org.junit.platform.engine.support.hierarchical.NodeTestTask.lambda$executeRecursively$1(NodeTestTask.java:166)
	at org.junit.platform.engine.support.hierarchical.Node.around(Node.java:138)
	at org.junit.platform.engine.support.hierarchical.NodeTestTask.lambda$executeRecursively$0(NodeTestTask.java:164)
	at org.junit.platform.engine.support.hierarchical.ThrowableCollector.execute(ThrowableCollector.java:74)
	at org.junit.platform.engine.support.hierarchical.NodeTestTask.executeRecursively(NodeTestTask.java:163)
	at org.junit.platform.engine.support.hierarchical.NodeTestTask.execute(NodeTestTask.java:116)
	at java.base/java.util.ArrayList.forEach(ArrayList.java:1604)
	at org.junit.platform.engine.support.hierarchical.SameThreadHierarchicalTestExecutorService.invokeAll(SameThreadHierarchicalTestExecutorService.java:42)
	at org.junit.platform.engine.support.hierarchical.NodeTestTask.lambda$executeRecursively$2(NodeTestTask.java:180)
	at org.junit.platform.engine.support.hierarchical.ThrowableCollector.execute(ThrowableCollector.java:74)
	at org.junit.platform.engine.support.hierarchical.NodeTestTask.lambda$executeRecursively$1(NodeTestTask.java:166)
	at org.junit.platform.engine.support.hierarchical.Node.around(Node.java:138)
	at org.junit.platform.engine.support.hierarchical.NodeTestTask.lambda$executeRecursively$0(NodeTestTask.java:164)
	at org.junit.platform.engine.support.hierarchical.ThrowableCollector.execute(ThrowableCollector.java:74)
	at org.junit.platform.engine.support.hierarchical.NodeTestTask.executeRecursively(NodeTestTask.java:163)
	at org.junit.platform.engine.support.hierarchical.NodeTestTask.execute(NodeTestTask.java:116)
	at org.junit.platform.engine.support.hierarchical.SameThreadHierarchicalTestExecutorService.submit(SameThreadHierarchicalTestExecutorService.java:36)
	at org.junit.platform.engine.support.hierarchical.HierarchicalTestExecutor.execute(HierarchicalTestExecutor.java:52)
	at org.junit.platform.engine.support.hierarchical.HierarchicalTestEngine.execute(HierarchicalTestEngine.java:58)
	at org.junit.platform.launcher.core.EngineExecutionOrchestrator.executeEngine(EngineExecutionOrchestrator.java:246)
	at org.junit.platform.launcher.core.EngineExecutionOrchestrator.failOrExecuteEngine(EngineExecutionOrchestrator.java:218)
	at org.junit.platform.launcher.core.EngineExecutionOrchestrator.execute(EngineExecutionOrchestrator.java:179)
	at org.junit.platform.launcher.core.EngineExecutionOrchestrator.execute(EngineExecutionOrchestrator.java:108)
	at org.junit.platform.launcher.core.EngineExecutionOrchestrator.lambda$execute$0(EngineExecutionOrchestrator.java:66)
	at org.junit.platform.launcher.core.EngineExecutionOrchestrator.withInterceptedStreams(EngineExecutionOrchestrator.java:157)
	at org.junit.platform.launcher.core.EngineExecutionOrchestrator.execute(EngineExecutionOrchestrator.java:65)
	at org.junit.platform.launcher.core.DefaultLauncher.execute(DefaultLauncher.java:125)
	at org.junit.platform.launcher.core.DefaultLauncher.execute(DefaultLauncher.java:114)
	at org.junit.platform.launcher.core.DelegatingLauncher.execute(DelegatingLauncher.java:58)
	at org.junit.platform.launcher.core.InterceptingLauncher.lambda$execute$2(InterceptingLauncher.java:57)
	at org.junit.platform.launcher.core.ClasspathAlignmentCheckingLauncherInterceptor.intercept(ClasspathAlignmentCheckingLauncherInterceptor.java:25)
	at org.junit.platform.launcher.core.InterceptingLauncher.execute(InterceptingLauncher.java:56)
	at org.junit.platform.launcher.core.DelegatingLauncher.execute(DelegatingLauncher.java:58)
	at java.base/jdk.internal.reflect.DirectMethodHandleAccessor.invoke(DirectMethodHandleAccessor.java:104)
	at java.base/java.lang.reflect.Method.invoke(Method.java:565)
	at org.apache.maven.surefire.api.util.ReflectionUtils.invokeMethodWithArray(ReflectionUtils.java:125)
	at org.apache.maven.surefire.junitplatform.LauncherAdapter.executeWithCancellationToken(LauncherAdapter.java:68)
	at org.apache.maven.surefire.junitplatform.LauncherAdapter.execute(LauncherAdapter.java:54)
	at org.apache.maven.surefire.junitplatform.JUnitPlatformProvider.execute(JUnitPlatformProvider.java:203)
	at org.apache.maven.surefire.junitplatform.JUnitPlatformProvider.invokeAllTests(JUnitPlatformProvider.java:168)
	at org.apache.maven.surefire.junitplatform.JUnitPlatformProvider.invoke(JUnitPlatformProvider.java:136)
	at org.apache.maven.surefire.booter.ForkedBooter.runSuitesInProcess(ForkedBooter.java:385)
	at org.apache.maven.surefire.booter.ForkedBooter.execute(ForkedBooter.java:162)
	at org.apache.maven.surefire.booter.ForkedBooter.run(ForkedBooter.java:507)
	at org.apache.maven.surefire.booter.ForkedBooter.main(ForkedBooter.java:495)
Caused by: org.springframework.beans.factory.UnsatisfiedDependencyException: Error creating bean with name 'categoriaController' defined in file [E:\repoprofe\bomerp-backend\target\classes\pe\edu\upeu\bomerp\catalogo\categoria\controller\CategoriaController.class]: Unsatisfied dependency expressed through constructor parameter 0: Error creating bean with name 'categoriaServiceImpl' defined in file [E:\repoprofe\bomerp-backend\target\classes\pe\edu\upeu\bomerp\catalogo\categoria\service\CategoriaServiceImpl.class]: Unsatisfied dependency expressed through constructor parameter 1: No qualifying bean of type 'pe.edu.upeu.bomerp.catalogo.categoria.mapper.CategoriaMapper' available: expected at least 1 bean which qualifies as autowire candidate. Dependency annotations: {}
	at org.springframework.beans.factory.support.ConstructorResolver.createArgumentArray(ConstructorResolver.java:804)
	at org.springframework.beans.factory.support.ConstructorResolver.autowireConstructor(ConstructorResolver.java:240)
	at org.springframework.beans.factory.support.AbstractAutowireCapableBeanFactory.autowireConstructor(AbstractAutowireCapableBeanFactory.java:1380)
	at org.springframework.beans.factory.support.AbstractAutowireCapableBeanFactory.createBeanInstance(AbstractAutowireCapableBeanFactory.java:1219)
	at org.springframework.beans.factory.support.AbstractAutowireCapableBeanFactory.doCreateBean(AbstractAutowireCapableBeanFactory.java:565)
	at org.springframework.beans.factory.support.AbstractAutowireCapableBeanFactory.createBean(AbstractAutowireCapableBeanFactory.java:525)
	at org.springframework.beans.factory.support.AbstractBeanFactory.lambda$doGetBean$0(AbstractBeanFactory.java:333)
	at org.springframework.beans.factory.support.DefaultSingletonBeanRegistry.getSingleton(DefaultSingletonBeanRegistry.java:371)
	at org.springframework.beans.factory.support.AbstractBeanFactory.doGetBean(AbstractBeanFactory.java:331)
	at org.springframework.beans.factory.support.AbstractBeanFactory.getBean(AbstractBeanFactory.java:196)
	at org.springframework.beans.factory.support.DefaultListableBeanFactory.instantiateSingleton(DefaultListableBeanFactory.java:1225)
	at org.springframework.beans.factory.support.DefaultListableBeanFactory.preInstantiateSingleton(DefaultListableBeanFactory.java:1191)
	at org.springframework.beans.factory.support.DefaultListableBeanFactory.preInstantiateSingletons(DefaultListableBeanFactory.java:1121)
	at org.springframework.context.support.AbstractApplicationContext.finishBeanFactoryInitialization(AbstractApplicationContext.java:994)
	at org.springframework.context.support.AbstractApplicationContext.refresh(AbstractApplicationContext.java:621)
	at org.springframework.boot.SpringApplication.refresh(SpringApplication.java:756)
	at org.springframework.boot.SpringApplication.refreshContext(SpringApplication.java:445)
	at org.springframework.boot.SpringApplication.run(SpringApplication.java:321)
	at org.springframework.boot.test.context.SpringBootContextLoader.lambda$loadContext$2(SpringBootContextLoader.java:155)
	at org.springframework.util.function.ThrowingSupplier.get(ThrowingSupplier.java:58)
	at org.springframework.util.function.ThrowingSupplier.get(ThrowingSupplier.java:46)
	at org.springframework.boot.SpringApplication.withHook(SpringApplication.java:1465)
	at org.springframework.boot.test.context.SpringBootContextLoader$ContextLoaderHook.run(SpringBootContextLoader.java:600)
	at org.springframework.boot.test.context.SpringBootContextLoader.loadContext(SpringBootContextLoader.java:155)
	at org.springframework.boot.test.context.SpringBootContextLoader.loadContext(SpringBootContextLoader.java:114)
	at org.springframework.test.context.cache.DefaultCacheAwareContextLoaderDelegate.loadContextInternal(DefaultCacheAwareContextLoaderDelegate.java:247)
	at org.springframework.test.context.cache.DefaultCacheAwareContextLoaderDelegate.lambda$loadContext$0(DefaultCacheAwareContextLoaderDelegate.java:167)
	... 101 common frames omitted
Caused by: org.springframework.beans.factory.UnsatisfiedDependencyException: Error creating bean with name 'categoriaServiceImpl' defined in file [E:\repoprofe\bomerp-backend\target\classes\pe\edu\upeu\bomerp\catalogo\categoria\service\CategoriaServiceImpl.class]: Unsatisfied dependency expressed through constructor parameter 1: No qualifying bean of type 'pe.edu.upeu.bomerp.catalogo.categoria.mapper.CategoriaMapper' available: expected at least 1 bean which qualifies as autowire candidate. Dependency annotations: {}
	at org.springframework.beans.factory.support.ConstructorResolver.createArgumentArray(ConstructorResolver.java:804)
	at org.springframework.beans.factory.support.ConstructorResolver.autowireConstructor(ConstructorResolver.java:240)
	at org.springframework.beans.factory.support.AbstractAutowireCapableBeanFactory.autowireConstructor(AbstractAutowireCapableBeanFactory.java:1380)
	at org.springframework.beans.factory.support.AbstractAutowireCapableBeanFactory.createBeanInstance(AbstractAutowireCapableBeanFactory.java:1219)
	at org.springframework.beans.factory.support.AbstractAutowireCapableBeanFactory.doCreateBean(AbstractAutowireCapableBeanFactory.java:565)
	at org.springframework.beans.factory.support.AbstractAutowireCapableBeanFactory.createBean(AbstractAutowireCapableBeanFactory.java:525)
	at org.springframework.beans.factory.support.AbstractBeanFactory.lambda$doGetBean$0(AbstractBeanFactory.java:333)
	at org.springframework.beans.factory.support.DefaultSingletonBeanRegistry.getSingleton(DefaultSingletonBeanRegistry.java:371)
	at org.springframework.beans.factory.support.AbstractBeanFactory.doGetBean(AbstractBeanFactory.java:331)
	at org.springframework.beans.factory.support.AbstractBeanFactory.getBean(AbstractBeanFactory.java:201)
	at org.springframework.beans.factory.config.DependencyDescriptor.resolveCandidate(DependencyDescriptor.java:229)
	at org.springframework.beans.factory.support.DefaultListableBeanFactory.doResolveDependency(DefaultListableBeanFactory.java:1769)
	at org.springframework.beans.factory.support.DefaultListableBeanFactory.resolveDependency(DefaultListableBeanFactory.java:1658)
	at org.springframework.beans.factory.support.ConstructorResolver.resolveAutowiredArgument(ConstructorResolver.java:912)
	at org.springframework.beans.factory.support.ConstructorResolver.createArgumentArray(ConstructorResolver.java:791)
	... 127 common frames omitted
Caused by: org.springframework.beans.factory.NoSuchBeanDefinitionException: No qualifying bean of type 'pe.edu.upeu.bomerp.catalogo.categoria.mapper.CategoriaMapper' available: expected at least 1 bean which qualifies as autowire candidate. Dependency annotations: {}
	at org.springframework.beans.factory.support.DefaultListableBeanFactory.raiseNoMatchingBeanFound(DefaultListableBeanFactory.java:2304)
	at org.springframework.beans.factory.support.DefaultListableBeanFactory.doResolveDependency(DefaultListableBeanFactory.java:1732)
	at org.springframework.beans.factory.support.DefaultListableBeanFactory.resolveDependency(DefaultListableBeanFactory.java:1658)
	at org.springframework.beans.factory.support.ConstructorResolver.resolveAutowiredArgument(ConstructorResolver.java:912)
	at org.springframework.beans.factory.support.ConstructorResolver.createArgumentArray(ConstructorResolver.java:791)
	... 141 common frames omitted
2026-09-03 22:34:05.716 [] WARN  o.s.test.context.TestContextManager - Caught exception while allowing TestExecutionListener [org.springframework.test.context.web.ServletTestExecutionListener] to prepare test instance [pe.edu.upeu.bomerp.finanzas.service.RendicionCajaChicaServiceTest$TransaccionAtomicaTests@d4e17ec]
java.lang.IllegalStateException: ApplicationContext failure threshold (1) exceeded: skipping repeated attempt to load context for [WebMergedContextConfiguration@7ca46aaf testClass = pe.edu.upeu.bomerp.finanzas.service.RendicionCajaChicaServiceTest.TransaccionAtomicaTests, locations = [], classes = [pe.edu.upeu.bomerp.BomerpBackendApplication], contextInitializerClasses = [], activeProfiles = [], propertySourceDescriptors = [], propertySourceProperties = ["org.springframework.boot.test.context.SpringBootTestContextBootstrapper=true"], contextCustomizers = [org.springframework.boot.web.server.context.SpringBootTestRandomPortContextCustomizer@7651218e, org.springframework.boot.test.context.PropertyMappingContextCustomizer@0, org.springframework.boot.test.context.filter.ExcludeFilterContextCustomizer@743cb8e0, org.springframework.boot.test.json.DuplicateJsonObjectContextCustomizerFactory$DuplicateJsonObjectContextCustomizer@72bd06ca, org.springframework.boot.test.autoconfigure.OnFailureConditionReportContextCustomizerFactory$OnFailureConditionReportContextCustomizer@4fe89c24, org.springframework.test.context.bean.override.BeanOverrideContextCustomizer@2f5835cc, org.springframework.test.context.support.DynamicPropertiesContextCustomizer@0, org.springframework.boot.micrometer.metrics.test.autoconfigure.MetricsContextCustomizerFactory$DisableMetricsExportContextCustomizer@1f, org.springframework.boot.webmvc.test.autoconfigure.WebDriverContextCustomizer@66629f63, org.springframework.boot.test.context.SpringBootTestAnnotation@38cae808], resourceBasePath = "src/main/webapp", contextLoader = org.springframework.boot.test.context.SpringBootContextLoader, parent = null]
	at org.springframework.test.context.cache.DefaultCacheAwareContextLoaderDelegate.loadContext(DefaultCacheAwareContextLoaderDelegate.java:157)
	at org.springframework.test.context.support.DefaultTestContext.getApplicationContext(DefaultTestContext.java:128)
	at org.springframework.test.context.web.ServletTestExecutionListener.setUpRequestContextIfNecessary(ServletTestExecutionListener.java:200)
	at org.springframework.test.context.web.ServletTestExecutionListener.prepareTestInstance(ServletTestExecutionListener.java:139)
	at org.springframework.test.context.TestContextManager.prepareTestInstance(TestContextManager.java:260)
	at org.springframework.test.context.junit.jupiter.SpringExtension.postProcessTestInstance(SpringExtension.java:242)
	at org.junit.jupiter.engine.descriptor.ClassBasedTestDescriptor.lambda$invokeTestInstancePostProcessors$1(ClassBasedTestDescriptor.java:423)
	at org.junit.jupiter.engine.descriptor.ClassBasedTestDescriptor.executeAndMaskThrowable(ClassBasedTestDescriptor.java:428)
	at org.junit.jupiter.engine.descriptor.ClassBasedTestDescriptor.lambda$invokeTestInstancePostProcessors$0(ClassBasedTestDescriptor.java:422)
	at java.base/java.util.stream.ForEachOps$ForEachOp$OfRef.accept(ForEachOps.java:186)
	at java.base/java.util.stream.ReferencePipeline$3$1.accept(ReferencePipeline.java:215)
	at java.base/java.util.stream.ReferencePipeline$2$1.accept(ReferencePipeline.java:197)
	at java.base/java.util.stream.ReferencePipeline$3$1.accept(ReferencePipeline.java:215)
	at java.base/java.util.ArrayList$ArrayListSpliterator.forEachRemaining(ArrayList.java:1716)
	at java.base/java.util.stream.AbstractPipeline.copyInto(AbstractPipeline.java:570)
	at java.base/java.util.stream.AbstractPipeline.wrapAndCopyInto(AbstractPipeline.java:560)
	at java.base/java.util.stream.ForEachOps$ForEachOp.evaluateSequential(ForEachOps.java:153)
	at java.base/java.util.stream.ForEachOps$ForEachOp$OfRef.evaluateSequential(ForEachOps.java:176)
	at java.base/java.util.stream.AbstractPipeline.evaluate(AbstractPipeline.java:265)
	at java.base/java.util.stream.ReferencePipeline.forEach(ReferencePipeline.java:636)
	at org.junit.jupiter.engine.descriptor.ClassBasedTestDescriptor.invokeTestInstancePostProcessors(ClassBasedTestDescriptor.java:422)
	at org.junit.jupiter.engine.descriptor.ClassBasedTestDescriptor.lambda$instantiateAndPostProcessTestInstance$0(ClassBasedTestDescriptor.java:334)
	at org.junit.platform.engine.support.hierarchical.ThrowableCollector.execute(ThrowableCollector.java:74)
	at org.junit.jupiter.engine.descriptor.ClassBasedTestDescriptor.instantiateAndPostProcessTestInstance(ClassBasedTestDescriptor.java:333)
	at org.junit.jupiter.engine.descriptor.ClassBasedTestDescriptor.lambda$testInstancesProvider$1(ClassBasedTestDescriptor.java:322)
	at java.base/java.util.Optional.orElseGet(Optional.java:364)
	at org.junit.jupiter.engine.descriptor.ClassBasedTestDescriptor.lambda$testInstancesProvider$0(ClassBasedTestDescriptor.java:321)
	at org.junit.jupiter.engine.execution.TestInstancesProvider.getTestInstances(TestInstancesProvider.java:27)
	at org.junit.jupiter.engine.descriptor.TestMethodTestDescriptor.lambda$prepare$0(TestMethodTestDescriptor.java:127)
	at org.junit.platform.engine.support.hierarchical.ThrowableCollector.execute(ThrowableCollector.java:74)
	at org.junit.jupiter.engine.descriptor.TestMethodTestDescriptor.prepare(TestMethodTestDescriptor.java:126)
	at org.junit.jupiter.engine.descriptor.TestMethodTestDescriptor.prepare(TestMethodTestDescriptor.java:70)
	at org.junit.platform.engine.support.hierarchical.NodeTestTask.lambda$prepare$0(NodeTestTask.java:144)
	at org.junit.platform.engine.support.hierarchical.ThrowableCollector.execute(ThrowableCollector.java:74)
	at org.junit.platform.engine.support.hierarchical.NodeTestTask.prepare(NodeTestTask.java:144)
	at org.junit.platform.engine.support.hierarchical.NodeTestTask.execute(NodeTestTask.java:110)
	at java.base/java.util.ArrayList.forEach(ArrayList.java:1604)
	at org.junit.platform.engine.support.hierarchical.SameThreadHierarchicalTestExecutorService.invokeAll(SameThreadHierarchicalTestExecutorService.java:42)
	at org.junit.platform.engine.support.hierarchical.NodeTestTask.lambda$executeRecursively$2(NodeTestTask.java:180)
	at org.junit.platform.engine.support.hierarchical.ThrowableCollector.execute(ThrowableCollector.java:74)
	at org.junit.platform.engine.support.hierarchical.NodeTestTask.lambda$executeRecursively$1(NodeTestTask.java:166)
	at org.junit.platform.engine.support.hierarchical.Node.around(Node.java:138)
	at org.junit.platform.engine.support.hierarchical.NodeTestTask.lambda$executeRecursively$0(NodeTestTask.java:164)
	at org.junit.platform.engine.support.hierarchical.ThrowableCollector.execute(ThrowableCollector.java:74)
	at org.junit.platform.engine.support.hierarchical.NodeTestTask.executeRecursively(NodeTestTask.java:163)
	at org.junit.platform.engine.support.hierarchical.NodeTestTask.execute(NodeTestTask.java:116)
	at java.base/java.util.ArrayList.forEach(ArrayList.java:1604)
	at org.junit.platform.engine.support.hierarchical.SameThreadHierarchicalTestExecutorService.invokeAll(SameThreadHierarchicalTestExecutorService.java:42)
	at org.junit.platform.engine.support.hierarchical.NodeTestTask.lambda$executeRecursively$2(NodeTestTask.java:180)
	at org.junit.platform.engine.support.hierarchical.ThrowableCollector.execute(ThrowableCollector.java:74)
	at org.junit.platform.engine.support.hierarchical.NodeTestTask.lambda$executeRecursively$1(NodeTestTask.java:166)
	at org.junit.platform.engine.support.hierarchical.Node.around(Node.java:138)
	at org.junit.platform.engine.support.hierarchical.NodeTestTask.lambda$executeRecursively$0(NodeTestTask.java:164)
	at org.junit.platform.engine.support.hierarchical.ThrowableCollector.execute(ThrowableCollector.java:74)
	at org.junit.platform.engine.support.hierarchical.NodeTestTask.executeRecursively(NodeTestTask.java:163)
	at org.junit.platform.engine.support.hierarchical.NodeTestTask.execute(NodeTestTask.java:116)
	at java.base/java.util.ArrayList.forEach(ArrayList.java:1604)
	at org.junit.platform.engine.support.hierarchical.SameThreadHierarchicalTestExecutorService.invokeAll(SameThreadHierarchicalTestExecutorService.java:42)
	at org.junit.platform.engine.support.hierarchical.NodeTestTask.lambda$executeRecursively$2(NodeTestTask.java:180)
	at org.junit.platform.engine.support.hierarchical.ThrowableCollector.execute(ThrowableCollector.java:74)
	at org.junit.platform.engine.support.hierarchical.NodeTestTask.lambda$executeRecursively$1(NodeTestTask.java:166)
	at org.junit.platform.engine.support.hierarchical.Node.around(Node.java:138)
	at org.junit.platform.engine.support.hierarchical.NodeTestTask.lambda$executeRecursively$0(NodeTestTask.java:164)
	at org.junit.platform.engine.support.hierarchical.ThrowableCollector.execute(ThrowableCollector.java:74)
	at org.junit.platform.engine.support.hierarchical.NodeTestTask.executeRecursively(NodeTestTask.java:163)
	at org.junit.platform.engine.support.hierarchical.NodeTestTask.execute(NodeTestTask.java:116)
	at org.junit.platform.engine.support.hierarchical.SameThreadHierarchicalTestExecutorService.submit(SameThreadHierarchicalTestExecutorService.java:36)
	at org.junit.platform.engine.support.hierarchical.HierarchicalTestExecutor.execute(HierarchicalTestExecutor.java:52)
	at org.junit.platform.engine.support.hierarchical.HierarchicalTestEngine.execute(HierarchicalTestEngine.java:58)
	at org.junit.platform.launcher.core.EngineExecutionOrchestrator.executeEngine(EngineExecutionOrchestrator.java:246)
	at org.junit.platform.launcher.core.EngineExecutionOrchestrator.failOrExecuteEngine(EngineExecutionOrchestrator.java:218)
	at org.junit.platform.launcher.core.EngineExecutionOrchestrator.execute(EngineExecutionOrchestrator.java:179)
	at org.junit.platform.launcher.core.EngineExecutionOrchestrator.execute(EngineExecutionOrchestrator.java:108)
	at org.junit.platform.launcher.core.EngineExecutionOrchestrator.lambda$execute$0(EngineExecutionOrchestrator.java:66)
	at org.junit.platform.launcher.core.EngineExecutionOrchestrator.withInterceptedStreams(EngineExecutionOrchestrator.java:157)
	at org.junit.platform.launcher.core.EngineExecutionOrchestrator.execute(EngineExecutionOrchestrator.java:65)
	at org.junit.platform.launcher.core.DefaultLauncher.execute(DefaultLauncher.java:125)
	at org.junit.platform.launcher.core.DefaultLauncher.execute(DefaultLauncher.java:114)
	at org.junit.platform.launcher.core.DelegatingLauncher.execute(DelegatingLauncher.java:58)
	at org.junit.platform.launcher.core.InterceptingLauncher.lambda$execute$2(InterceptingLauncher.java:57)
	at org.junit.platform.launcher.core.ClasspathAlignmentCheckingLauncherInterceptor.intercept(ClasspathAlignmentCheckingLauncherInterceptor.java:25)
	at org.junit.platform.launcher.core.InterceptingLauncher.execute(InterceptingLauncher.java:56)
	at org.junit.platform.launcher.core.DelegatingLauncher.execute(DelegatingLauncher.java:58)
	at java.base/jdk.internal.reflect.DirectMethodHandleAccessor.invoke(DirectMethodHandleAccessor.java:104)
	at java.base/java.lang.reflect.Method.invoke(Method.java:565)
	at org.apache.maven.surefire.api.util.ReflectionUtils.invokeMethodWithArray(ReflectionUtils.java:125)
	at org.apache.maven.surefire.junitplatform.LauncherAdapter.executeWithCancellationToken(LauncherAdapter.java:68)
	at org.apache.maven.surefire.junitplatform.LauncherAdapter.execute(LauncherAdapter.java:54)
	at org.apache.maven.surefire.junitplatform.JUnitPlatformProvider.execute(JUnitPlatformProvider.java:203)
	at org.apache.maven.surefire.junitplatform.JUnitPlatformProvider.invokeAllTests(JUnitPlatformProvider.java:168)
	at org.apache.maven.surefire.junitplatform.JUnitPlatformProvider.invoke(JUnitPlatformProvider.java:136)
	at org.apache.maven.surefire.booter.ForkedBooter.runSuitesInProcess(ForkedBooter.java:385)
	at org.apache.maven.surefire.booter.ForkedBooter.execute(ForkedBooter.java:162)
	at org.apache.maven.surefire.booter.ForkedBooter.run(ForkedBooter.java:507)
	at org.apache.maven.surefire.booter.ForkedBooter.main(ForkedBooter.java:495)
2026-09-03 22:35:09.601 [] INFO  p.e.u.b.BomerpBackendApplication - Starting BomerpBackendApplication using Java 24.0.2 with PID 32584 (E:\repoprofe\bomerp-backend\target\classes started by PC in E:\repoprofe\bomerp-backend)
2026-09-03 22:35:09.601 [] DEBUG p.e.u.b.BomerpBackendApplication - Running with Spring Boot v4.0.7, Spring v7.0.8
2026-09-03 22:35:09.601 [] INFO  p.e.u.b.BomerpBackendApplication - The following 1 profile is active: "h2"
2026-09-03 22:35:09.766 [] INFO  o.s.d.r.c.RepositoryConfigurationDelegate - Bootstrapping Spring Data JPA repositories in DEFAULT mode.
2026-09-03 22:35:09.779 [] INFO  o.s.d.r.c.RepositoryConfigurationDelegate - Finished Spring Data repository scanning in 1 ms. Found 0 JPA repository interfaces.
2026-09-03 22:35:09.887 [] INFO  o.s.boot.tomcat.TomcatWebServer - Tomcat initialized with port 8080 (http)
2026-09-03 22:35:09.888 [] INFO  o.a.catalina.core.StandardService - Starting service [Tomcat]
2026-09-03 22:35:09.888 [] INFO  o.a.catalina.core.StandardEngine - Starting Servlet engine: [Apache Tomcat/11.0.22]
2026-09-03 22:35:09.908 [] INFO  o.s.b.w.c.s.WebApplicationContextInitializer - Root WebApplicationContext: initialization completed in 305 ms
2026-09-03 22:35:09.954 [] INFO  org.hibernate.orm.jpa - HHH008540: Processing PersistenceUnitInfo [name: default]
2026-09-03 22:35:09.969 [] INFO  o.s.o.j.p.SpringPersistenceUnitInfo - No LoadTimeWeaver setup: ignoring JPA class transformer
2026-09-03 22:35:09.970 [] INFO  com.zaxxer.hikari.HikariDataSource - HikariPool-12 - Starting...
2026-09-03 22:35:09.972 [] INFO  com.zaxxer.hikari.pool.HikariPool - HikariPool-12 - Added connection conn88: url=jdbc:h2:mem:bomerp_db user=SA
2026-09-03 22:35:09.972 [] INFO  com.zaxxer.hikari.HikariDataSource - HikariPool-12 - Start completed.
2026-09-03 22:35:09.973 [] INFO  o.hibernate.orm.connections.pooling - HHH10001005: Database info:
	Database JDBC URL [jdbc:h2:mem:bomerp_db]
	Database driver: H2 JDBC Driver
	Database dialect: H2Dialect
	Database version: 2.4.240
	Default catalog/schema: BOMERP_DB/PUBLIC
	Autocommit mode: undefined/unknown
	Isolation level: READ_COMMITTED [default READ_COMMITTED]
	JDBC fetch size: 100
	Pool: DataSourceConnectionProvider
	Minimum pool size: undefined/unknown
	Maximum pool size: undefined/unknown
2026-09-03 22:35:09.988 [] INFO  org.hibernate.orm.core - HHH000489: No JTA platform available (set 'hibernate.transaction.jta.platform' to enable JTA platform integration)
2026-09-03 22:35:09.988 [] INFO  o.s.o.j.LocalContainerEntityManagerFactoryBean - Initialized JPA EntityManagerFactory for persistence unit 'default'
2026-09-03 22:35:10.146 [] INFO  o.s.b.a.e.web.EndpointLinksResolver - Exposing 3 endpoints beneath base path '/actuator'
2026-09-03 22:35:10.161 [] INFO  o.s.boot.tomcat.TomcatWebServer - Tomcat started on port 8080 (http) with context path '/'
2026-09-03 22:35:10.165 [] INFO  o.s.s.config.TaskSchedulerRouter - No TaskScheduler/ScheduledExecutorService bean found for scheduled processing
2026-09-03 22:35:10.167 [] INFO  p.e.u.b.BomerpBackendApplication - Started BomerpBackendApplication in 0.58 seconds (process running for 1629.29)
2026-09-03 22:35:10.169 [] WARN  o.s.c.events.SpringDocAppInitializer - SpringDoc /v3/api-docs endpoint is enabled by default. To disable it in production, set the property 'springdoc.api-docs.enabled=false'
2026-09-03 22:35:10.169 [] WARN  o.s.c.events.SpringDocAppInitializer - SpringDoc /swagger-ui.html endpoint is enabled by default. To disable it in production, set the property 'springdoc.swagger-ui.enabled=false'
2026-09-03 22:35:10.170 [] INFO  o.s.b.d.a.ConditionEvaluationDeltaLoggingListener - Condition evaluation unchanged
2026-09-03 22:35:12.541 [] INFO  o.s.b.d.a.LocalDevToolsAutoConfiguration$RestartingClassPathChangeChangedEventListener - Restarting due to 87 class path changes (87 additions, 0 deletions, 0 modifications)
2026-09-03 22:35:12.543 [] INFO  o.s.boot.tomcat.GracefulShutdown - Commencing graceful shutdown. Waiting for active requests to complete
2026-09-03 22:35:12.545 [] INFO  o.s.boot.tomcat.GracefulShutdown - Graceful shutdown complete
2026-09-03 22:35:12.547 [] INFO  o.s.o.j.LocalContainerEntityManagerFactoryBean - Closing JPA EntityManagerFactory for persistence unit 'default'
2026-09-03 22:35:12.547 [] WARN  o.s.b.f.s.DisposableBeanAdapter - Invocation of destroy method failed on bean with name 'inMemoryDatabaseShutdownExecutor': org.h2.jdbc.JdbcSQLNonTransientConnectionException: La base de datos ya esta cerrada (para des-habilitar el cerrado automatico durante el shutdown de la VM, agregue ";DB_CLOSE_ON_EXIT=FALSE" a la URL de conexión)
Database is already closed (to disable automatic closing at VM shutdown, add ";DB_CLOSE_ON_EXIT=FALSE" to the db URL) [90121-240]
2026-09-03 22:35:12.548 [] INFO  com.zaxxer.hikari.HikariDataSource - HikariPool-12 - Shutdown initiated...
2026-09-03 22:35:12.548 [] INFO  com.zaxxer.hikari.HikariDataSource - HikariPool-12 - Shutdown completed.
2026-09-03 22:35:12.633 [] INFO  p.e.u.b.BomerpBackendApplication - Starting BomerpBackendApplication using Java 24.0.2 with PID 32584 (E:\repoprofe\bomerp-backend\target\classes started by PC in E:\repoprofe\bomerp-backend)
2026-09-03 22:35:12.633 [] DEBUG p.e.u.b.BomerpBackendApplication - Running with Spring Boot v4.0.7, Spring v7.0.8
2026-09-03 22:35:12.633 [] INFO  p.e.u.b.BomerpBackendApplication - The following 1 profile is active: "h2"
2026-09-03 22:35:12.861 [] INFO  o.s.d.r.c.RepositoryConfigurationDelegate - Bootstrapping Spring Data JPA repositories in DEFAULT mode.
2026-09-03 22:35:12.882 [] INFO  o.s.d.r.c.RepositoryConfigurationDelegate - Finished Spring Data repository scanning in 19 ms. Found 7 JPA repository interfaces.
2026-09-03 22:35:12.967 [] INFO  o.s.boot.tomcat.TomcatWebServer - Tomcat initialized with port 8080 (http)
2026-09-03 22:35:12.967 [] INFO  o.a.catalina.core.StandardService - Starting service [Tomcat]
2026-09-03 22:35:12.967 [] INFO  o.a.catalina.core.StandardEngine - Starting Servlet engine: [Apache Tomcat/11.0.22]
2026-09-03 22:35:12.984 [] INFO  o.s.b.w.c.s.WebApplicationContextInitializer - Root WebApplicationContext: initialization completed in 350 ms
2026-09-03 22:35:13.011 [] DEBUG p.e.u.b.filter.CorrelationIdFilter - Filter 'correlationIdFilter' configured for use
2026-09-03 22:35:13.402 [] INFO  org.hibernate.orm.jpa - HHH008540: Processing PersistenceUnitInfo [name: default]
2026-09-03 22:35:13.425 [] INFO  o.s.o.j.p.SpringPersistenceUnitInfo - No LoadTimeWeaver setup: ignoring JPA class transformer
2026-09-03 22:35:13.427 [] INFO  com.zaxxer.hikari.HikariDataSource - HikariPool-13 - Starting...
2026-09-03 22:35:13.429 [] INFO  com.zaxxer.hikari.pool.HikariPool - HikariPool-13 - Added connection conn98: url=jdbc:h2:mem:bomerp_db user=SA
2026-09-03 22:35:13.429 [] INFO  com.zaxxer.hikari.HikariDataSource - HikariPool-13 - Start completed.
2026-09-03 22:35:13.430 [] INFO  o.hibernate.orm.connections.pooling - HHH10001005: Database info:
	Database JDBC URL [jdbc:h2:mem:bomerp_db]
	Database driver: H2 JDBC Driver
	Database dialect: H2Dialect
	Database version: 2.4.240
	Default catalog/schema: BOMERP_DB/PUBLIC
	Autocommit mode: undefined/unknown
	Isolation level: READ_COMMITTED [default READ_COMMITTED]
	JDBC fetch size: 100
	Pool: DataSourceConnectionProvider
	Minimum pool size: undefined/unknown
	Maximum pool size: undefined/unknown
2026-09-03 22:35:13.501 [] INFO  org.hibernate.orm.core - HHH000489: No JTA platform available (set 'hibernate.transaction.jta.platform' to enable JTA platform integration)
2026-09-03 22:35:13.509 [] INFO  o.s.o.j.LocalContainerEntityManagerFactoryBean - Initialized JPA EntityManagerFactory for persistence unit 'default'
2026-09-03 22:35:13.782 [] INFO  o.s.b.a.e.web.EndpointLinksResolver - Exposing 3 endpoints beneath base path '/actuator'
2026-09-03 22:35:13.797 [] INFO  o.s.boot.tomcat.TomcatWebServer - Tomcat started on port 8080 (http) with context path '/'
2026-09-03 22:35:13.799 [] INFO  o.s.s.config.TaskSchedulerRouter - No TaskScheduler/ScheduledExecutorService bean found for scheduled processing
2026-09-03 22:35:13.801 [] INFO  p.e.u.b.BomerpBackendApplication - Started BomerpBackendApplication in 1.191 seconds (process running for 1632.923)
2026-09-03 22:35:13.802 [] WARN  o.s.c.events.SpringDocAppInitializer - SpringDoc /v3/api-docs endpoint is enabled by default. To disable it in production, set the property 'springdoc.api-docs.enabled=false'
2026-09-03 22:35:13.802 [] WARN  o.s.c.events.SpringDocAppInitializer - SpringDoc /swagger-ui.html endpoint is enabled by default. To disable it in production, set the property 'springdoc.swagger-ui.enabled=false'
2026-09-03 22:35:13.803 [] INFO  o.s.b.d.a.ConditionEvaluationDeltaLoggingListener - Condition evaluation unchanged
2026-09-03 22:35:14.591 [] INFO  p.e.u.b.f.s.RendicionCajaChicaServiceTest$TransaccionAtomicaTests - Starting RendicionCajaChicaServiceTest.TransaccionAtomicaTests using Java 24.0.2 with PID 7480 (started by PC in E:\repoprofe\bomerp-backend)
2026-09-03 22:35:14.592 [] DEBUG p.e.u.b.f.s.RendicionCajaChicaServiceTest$TransaccionAtomicaTests - Running with Spring Boot v4.0.7, Spring v7.0.8
2026-09-03 22:35:14.593 [] INFO  p.e.u.b.f.s.RendicionCajaChicaServiceTest$TransaccionAtomicaTests - The following 1 profile is active: "h2"
2026-09-03 22:35:15.431 [] INFO  o.s.d.r.c.RepositoryConfigurationDelegate - Bootstrapping Spring Data JPA repositories in DEFAULT mode.
2026-09-03 22:35:15.506 [] INFO  o.s.d.r.c.RepositoryConfigurationDelegate - Finished Spring Data repository scanning in 65 ms. Found 7 JPA repository interfaces.
2026-09-03 22:35:16.361 [] INFO  c.tngtech.archunit.core.PluginLoader - Detected Java version 24.0.2
2026-09-03 22:35:17.432 [] INFO  org.hibernate.orm.jpa - HHH008540: Processing PersistenceUnitInfo [name: default]
2026-09-03 22:35:17.482 [] INFO  org.hibernate.orm.core - HHH000001: Hibernate ORM core version 7.2.19.Final
2026-09-03 22:35:17.693 [] INFO  o.s.o.j.p.SpringPersistenceUnitInfo - No LoadTimeWeaver setup: ignoring JPA class transformer
2026-09-03 22:35:17.720 [] INFO  com.zaxxer.hikari.HikariDataSource - HikariPool-1 - Starting...
2026-09-03 22:35:17.930 [] INFO  com.zaxxer.hikari.pool.HikariPool - HikariPool-1 - Added connection conn0: url=jdbc:h2:mem:bomerp_db user=SA
2026-09-03 22:35:17.931 [] INFO  com.zaxxer.hikari.HikariDataSource - HikariPool-1 - Start completed.
2026-09-03 22:35:17.971 [] INFO  o.hibernate.orm.connections.pooling - HHH10001005: Database info:
	Database JDBC URL [jdbc:h2:mem:bomerp_db]
	Database driver: H2 JDBC Driver
	Database dialect: H2Dialect
	Database version: 2.4.240
	Default catalog/schema: BOMERP_DB/PUBLIC
	Autocommit mode: undefined/unknown
	Isolation level: READ_COMMITTED [default READ_COMMITTED]
	JDBC fetch size: 100
	Pool: DataSourceConnectionProvider
	Minimum pool size: undefined/unknown
	Maximum pool size: undefined/unknown
2026-09-03 22:35:18.608 [] INFO  org.hibernate.orm.core - HHH000489: No JTA platform available (set 'hibernate.transaction.jta.platform' to enable JTA platform integration)
2026-09-03 22:35:18.652 [] INFO  o.s.o.j.LocalContainerEntityManagerFactoryBean - Initialized JPA EntityManagerFactory for persistence unit 'default'
2026-09-03 22:35:18.739 [] INFO  o.s.d.j.r.q.QueryEnhancerFactories - Hibernate is in classpath; If applicable, HQL parser will be used.
2026-09-03 22:35:19.832 [] INFO  o.s.b.a.e.web.EndpointLinksResolver - Exposing 3 endpoints beneath base path '/actuator'
2026-09-03 22:35:19.885 [] INFO  o.s.s.config.TaskSchedulerRouter - No TaskScheduler/ScheduledExecutorService bean found for scheduled processing
2026-09-03 22:35:19.890 [] INFO  p.e.u.b.f.s.RendicionCajaChicaServiceTest$TransaccionAtomicaTests - Started RendicionCajaChicaServiceTest.TransaccionAtomicaTests in 5.676 seconds (process running for 6.776)
2026-09-03 22:35:19.895 [] WARN  o.s.c.events.SpringDocAppInitializer - SpringDoc /v3/api-docs endpoint is enabled by default. To disable it in production, set the property 'springdoc.api-docs.enabled=false'
2026-09-03 22:35:19.896 [] WARN  o.s.c.events.SpringDocAppInitializer - SpringDoc /swagger-ui.html endpoint is enabled by default. To disable it in production, set the property 'springdoc.swagger-ui.enabled=false'
2026-09-03 22:35:20.608 [] INFO  o.s.o.j.LocalContainerEntityManagerFactoryBean - Closing JPA EntityManagerFactory for persistence unit 'default'
2026-09-03 22:35:20.614 [] INFO  com.zaxxer.hikari.HikariDataSource - HikariPool-1 - Shutdown initiated...
2026-09-03 22:35:20.615 [] INFO  com.zaxxer.hikari.HikariDataSource - HikariPool-1 - Shutdown completed.
2026-09-03 22:36:44.024 [] INFO  p.e.u.b.f.s.RendicionCajaChicaServiceTest$TransaccionAtomicaTests - Starting RendicionCajaChicaServiceTest.TransaccionAtomicaTests using Java 24.0.2 with PID 25404 (started by PC in E:\repoprofe\bomerp-backend)
2026-09-03 22:36:44.025 [] DEBUG p.e.u.b.f.s.RendicionCajaChicaServiceTest$TransaccionAtomicaTests - Running with Spring Boot v4.0.7, Spring v7.0.8
2026-09-03 22:36:44.026 [] INFO  p.e.u.b.f.s.RendicionCajaChicaServiceTest$TransaccionAtomicaTests - The following 1 profile is active: "h2"
2026-09-03 22:36:44.854 [] INFO  o.s.d.r.c.RepositoryConfigurationDelegate - Bootstrapping Spring Data JPA repositories in DEFAULT mode.
2026-09-03 22:36:44.928 [] INFO  o.s.d.r.c.RepositoryConfigurationDelegate - Finished Spring Data repository scanning in 63 ms. Found 7 JPA repository interfaces.
2026-09-03 22:36:45.747 [] INFO  c.tngtech.archunit.core.PluginLoader - Detected Java version 24.0.2
2026-09-03 22:36:46.835 [] INFO  org.hibernate.orm.jpa - HHH008540: Processing PersistenceUnitInfo [name: default]
2026-09-03 22:36:46.877 [] INFO  org.hibernate.orm.core - HHH000001: Hibernate ORM core version 7.2.19.Final
2026-09-03 22:36:47.128 [] INFO  o.s.o.j.p.SpringPersistenceUnitInfo - No LoadTimeWeaver setup: ignoring JPA class transformer
2026-09-03 22:36:47.152 [] INFO  com.zaxxer.hikari.HikariDataSource - HikariPool-1 - Starting...
2026-09-03 22:36:47.359 [] INFO  com.zaxxer.hikari.pool.HikariPool - HikariPool-1 - Added connection conn0: url=jdbc:h2:mem:bomerp_db user=SA
2026-09-03 22:36:47.360 [] INFO  com.zaxxer.hikari.HikariDataSource - HikariPool-1 - Start completed.
2026-09-03 22:36:47.399 [] INFO  o.hibernate.orm.connections.pooling - HHH10001005: Database info:
	Database JDBC URL [jdbc:h2:mem:bomerp_db]
	Database driver: H2 JDBC Driver
	Database dialect: H2Dialect
	Database version: 2.4.240
	Default catalog/schema: BOMERP_DB/PUBLIC
	Autocommit mode: undefined/unknown
	Isolation level: READ_COMMITTED [default READ_COMMITTED]
	JDBC fetch size: 100
	Pool: DataSourceConnectionProvider
	Minimum pool size: undefined/unknown
	Maximum pool size: undefined/unknown
2026-09-03 22:36:48.022 [] INFO  org.hibernate.orm.core - HHH000489: No JTA platform available (set 'hibernate.transaction.jta.platform' to enable JTA platform integration)
2026-09-03 22:36:48.068 [] INFO  o.s.o.j.LocalContainerEntityManagerFactoryBean - Initialized JPA EntityManagerFactory for persistence unit 'default'
2026-09-03 22:36:48.133 [] INFO  o.s.d.j.r.q.QueryEnhancerFactories - Hibernate is in classpath; If applicable, HQL parser will be used.
2026-09-03 22:36:49.132 [] INFO  o.s.b.a.e.web.EndpointLinksResolver - Exposing 3 endpoints beneath base path '/actuator'
2026-09-03 22:36:49.184 [] INFO  o.s.s.config.TaskSchedulerRouter - No TaskScheduler/ScheduledExecutorService bean found for scheduled processing
2026-09-03 22:36:49.188 [] INFO  p.e.u.b.f.s.RendicionCajaChicaServiceTest$TransaccionAtomicaTests - Started RendicionCajaChicaServiceTest.TransaccionAtomicaTests in 5.556 seconds (process running for 6.474)
2026-09-03 22:36:49.193 [] WARN  o.s.c.events.SpringDocAppInitializer - SpringDoc /v3/api-docs endpoint is enabled by default. To disable it in production, set the property 'springdoc.api-docs.enabled=false'
2026-09-03 22:36:49.193 [] WARN  o.s.c.events.SpringDocAppInitializer - SpringDoc /swagger-ui.html endpoint is enabled by default. To disable it in production, set the property 'springdoc.swagger-ui.enabled=false'
2026-09-03 22:36:49.710 [] INFO  o.s.o.j.LocalContainerEntityManagerFactoryBean - Closing JPA EntityManagerFactory for persistence unit 'default'
2026-09-03 22:36:49.717 [] INFO  com.zaxxer.hikari.HikariDataSource - HikariPool-1 - Shutdown initiated...
2026-09-03 22:36:49.718 [] INFO  com.zaxxer.hikari.HikariDataSource - HikariPool-1 - Shutdown completed.
2026-09-03 22:37:52.954 [] INFO  o.s.b.d.a.LocalDevToolsAutoConfiguration$RestartingClassPathChangeChangedEventListener - Restarting due to 1 class path change (1 addition, 0 deletions, 0 modifications)
2026-09-03 22:37:52.955 [] INFO  o.s.boot.tomcat.GracefulShutdown - Commencing graceful shutdown. Waiting for active requests to complete
2026-09-03 22:37:52.957 [] INFO  o.s.boot.tomcat.GracefulShutdown - Graceful shutdown complete
2026-09-03 22:37:52.959 [] INFO  o.s.o.j.LocalContainerEntityManagerFactoryBean - Closing JPA EntityManagerFactory for persistence unit 'default'
2026-09-03 22:37:52.960 [] WARN  o.s.b.f.s.DisposableBeanAdapter - Invocation of destroy method failed on bean with name 'inMemoryDatabaseShutdownExecutor': org.h2.jdbc.JdbcSQLNonTransientConnectionException: La base de datos ya esta cerrada (para des-habilitar el cerrado automatico durante el shutdown de la VM, agregue ";DB_CLOSE_ON_EXIT=FALSE" a la URL de conexión)
Database is already closed (to disable automatic closing at VM shutdown, add ";DB_CLOSE_ON_EXIT=FALSE" to the db URL) [90121-240]
2026-09-03 22:37:52.960 [] INFO  com.zaxxer.hikari.HikariDataSource - HikariPool-13 - Shutdown initiated...
2026-09-03 22:37:52.960 [] INFO  com.zaxxer.hikari.HikariDataSource - HikariPool-13 - Shutdown completed.
2026-09-03 22:37:53.031 [] INFO  p.e.u.b.BomerpBackendApplication - Starting BomerpBackendApplication using Java 24.0.2 with PID 32584 (E:\repoprofe\bomerp-backend\target\classes started by PC in E:\repoprofe\bomerp-backend)
2026-09-03 22:37:53.031 [] DEBUG p.e.u.b.BomerpBackendApplication - Running with Spring Boot v4.0.7, Spring v7.0.8
2026-09-03 22:37:53.031 [] INFO  p.e.u.b.BomerpBackendApplication - The following 1 profile is active: "h2"
2026-09-03 22:37:53.171 [] INFO  o.s.d.r.c.RepositoryConfigurationDelegate - Bootstrapping Spring Data JPA repositories in DEFAULT mode.
2026-09-03 22:37:53.190 [] INFO  o.s.d.r.c.RepositoryConfigurationDelegate - Finished Spring Data repository scanning in 19 ms. Found 7 JPA repository interfaces.
2026-09-03 22:37:53.254 [] INFO  o.s.boot.tomcat.TomcatWebServer - Tomcat initialized with port 8080 (http)
2026-09-03 22:37:53.254 [] INFO  o.a.catalina.core.StandardService - Starting service [Tomcat]
2026-09-03 22:37:53.254 [] INFO  o.a.catalina.core.StandardEngine - Starting Servlet engine: [Apache Tomcat/11.0.22]
2026-09-03 22:37:53.266 [] INFO  o.s.b.w.c.s.WebApplicationContextInitializer - Root WebApplicationContext: initialization completed in 234 ms
2026-09-03 22:37:53.285 [] DEBUG p.e.u.b.filter.CorrelationIdFilter - Filter 'correlationIdFilter' configured for use
2026-09-03 22:37:53.306 [] INFO  org.hibernate.orm.jpa - HHH008540: Processing PersistenceUnitInfo [name: default]
2026-09-03 22:37:53.319 [] INFO  o.s.o.j.p.SpringPersistenceUnitInfo - No LoadTimeWeaver setup: ignoring JPA class transformer
2026-09-03 22:37:53.320 [] INFO  com.zaxxer.hikari.HikariDataSource - HikariPool-14 - Starting...
2026-09-03 22:37:53.322 [] INFO  com.zaxxer.hikari.pool.HikariPool - HikariPool-14 - Added connection conn108: url=jdbc:h2:mem:bomerp_db user=SA
2026-09-03 22:37:53.322 [] INFO  com.zaxxer.hikari.HikariDataSource - HikariPool-14 - Start completed.
2026-09-03 22:37:53.322 [] INFO  o.hibernate.orm.connections.pooling - HHH10001005: Database info:
	Database JDBC URL [jdbc:h2:mem:bomerp_db]
	Database driver: H2 JDBC Driver
	Database dialect: H2Dialect
	Database version: 2.4.240
	Default catalog/schema: BOMERP_DB/PUBLIC
	Autocommit mode: undefined/unknown
	Isolation level: READ_COMMITTED [default READ_COMMITTED]
	JDBC fetch size: 100
	Pool: DataSourceConnectionProvider
	Minimum pool size: undefined/unknown
	Maximum pool size: undefined/unknown
2026-09-03 22:37:53.379 [] INFO  org.hibernate.orm.core - HHH000489: No JTA platform available (set 'hibernate.transaction.jta.platform' to enable JTA platform integration)
2026-09-03 22:37:53.386 [] INFO  o.s.o.j.LocalContainerEntityManagerFactoryBean - Initialized JPA EntityManagerFactory for persistence unit 'default'
2026-09-03 22:37:53.558 [] INFO  o.s.b.a.e.web.EndpointLinksResolver - Exposing 3 endpoints beneath base path '/actuator'
2026-09-03 22:37:53.568 [] INFO  o.s.boot.tomcat.TomcatWebServer - Tomcat started on port 8080 (http) with context path '/'
2026-09-03 22:37:53.569 [] INFO  o.s.s.config.TaskSchedulerRouter - No TaskScheduler/ScheduledExecutorService bean found for scheduled processing
2026-09-03 22:37:53.570 [] INFO  p.e.u.b.BomerpBackendApplication - Started BomerpBackendApplication in 0.555 seconds (process running for 1792.692)
2026-09-03 22:37:53.571 [] WARN  o.s.c.events.SpringDocAppInitializer - SpringDoc /v3/api-docs endpoint is enabled by default. To disable it in production, set the property 'springdoc.api-docs.enabled=false'
2026-09-03 22:37:53.571 [] WARN  o.s.c.events.SpringDocAppInitializer - SpringDoc /swagger-ui.html endpoint is enabled by default. To disable it in production, set the property 'springdoc.swagger-ui.enabled=false'
2026-09-03 22:37:53.571 [] INFO  o.s.b.d.a.ConditionEvaluationDeltaLoggingListener - Condition evaluation unchanged
